行业代码,行业名称,近20日涨幅,超额收益率,是否跑赢大盘,是否均线多头,是否综合满足
sw2_270100,半导体,32.9415,31.3244,1,1,1
sw2_270200,元件,29.4429,27.8259,1,1,1
sw2_270600,电子化学品Ⅱ,24.9487,23.3317,1,1,1
sw2_640700,自动化设备,23.9705,22.3535,1,1,1
sw2_610200,玻璃玻纤,23.6046,21.9876,1,0,0
sw2_220900,非金属材料Ⅱ,18.912,17.295,1,1,1
sw2_270500,消费电子,14.3109,12.6939,1,0,0
sw2_270400,其他电子Ⅱ,13.4294,11.8124,1,1,1
sw2_730200,通信设备,12.5217,10.9047,1,0,0
sw2_270300,光学光电子,11.8229,10.2059,1,1,1
sw2_640100,通用设备,11.5933,9.9763,1,1,1
sw2_630100,电机Ⅱ,9.9492,8.3322,1,1,1
sw2_330600,家电零部件Ⅱ,9.7179,8.1009,1,1,1
sw2_220500,塑料,9.4811,7.8641,1,1,1
sw2_240200,金属新材料,8.4517,6.8347,1,0,0
sw2_510100,综合Ⅱ,7.3539,5.7369,1,0,0
sw2_330500,照明设备Ⅱ,6.1777,4.5607,1,1,1
sw2_760200,环保设备Ⅱ,6.0319,4.4149,1,0,0
sw2_630500,光伏设备,5.9639,4.3469,1,0,0
sw2_280200,汽车零部件,5.6717,4.0546,1,0,0
sw2_640200,专用设备,5.2439,3.6269,1,0,0
sw2_630300,其他电源设备Ⅱ,5.2151,3.5981,1,0,0
sw2_220600,橡胶,4.4571,2.8401,1,1,1
sw2_710100,计算机设备,4.2326,2.6156,1,0,0
sw2_330300,小家电,3.0391,1.4221,1,1,1
sw2_730100,通信服务,2.422,0.805,1,1,1
sw2_620200,装修装饰Ⅱ,2.2678,0.6508,1,0,0
sw2_340700,饮料乳品,1.9548,0.3378,1,0,0
sw2_650400,航海装备Ⅱ,1.7659,0.1489,1,0,0
sw2_330100,白色家电,1.587,-0.03,0,0,0
sw2_350200,服装家纺,1.5825,-0.0345,0,0,0
sw2_280300,汽车服务,1.2923,-0.3247,0,0,0
sw2_410100,电力,1.1987,-0.4183,0,0,0
sw2_420900,铁路公路,1.1046,-0.5124,0,0,0
sw2_640600,工程机械,1.0749,-0.5422,0,0,0
sw2_630800,电网设备,0.9056,-0.7114,0,0,0
sw2_330200,黑色家电,0.745,-0.872,0,0,0
sw2_620600,工程咨询服务Ⅱ,0.5378,-1.0792,0,0,0
sw2_430100,房地产开发,0.18,-1.437,0,0,0
sw2_460800,专业服务,0.0462,-1.5708,0,0,0
sw2_450200,贸易Ⅱ,-0.1514,-1.7684,0,0,0
sw2_760100,环境治理,-0.5879,-2.2049,0,0,0
sw2_710300,IT服务Ⅱ,-0.6795,-2.2965,0,0,0
sw2_421100,航运港口,-0.8994,-2.5164,0,0,0
sw2_360300,家居用品,-1.0135,-2.6306,0,0,0
sw2_770200,化妆品,-1.2197,-2.8368,0,0,0
sw2_220300,化学制品,-1.2515,-2.8685,0,0,0
sw2_640500,轨交设备Ⅱ,-1.3029,-2.9199,0,0,0
sw2_370600,医疗服务,-1.349,-2.966,0,0,0
sw2_450600,互联网电商,-1.431,-3.048,0,0,0
sw2_410300,燃气Ⅱ,-1.4926,-3.1096,0,0,0
sw2_710400,软件开发,-1.5066,-3.1236,0,0,0
sw2_340600,非白酒,-1.6308,-3.2478,0,0,0
sw2_610300,装修建材,-1.7136,-3.3306,0,0,0
sw2_370500,医疗器械,-1.8964,-3.5134,0,0,0
sw2_340800,休闲食品,-2.3975,-4.0145,0,0,0
sw2_360500,文娱用品,-2.6715,-4.2885,0,0,0
sw2_721000,电视广播Ⅱ,-2.6869,-4.3039,0,0,0
sw2_620100,房屋建设Ⅱ,-2.7863,-4.4033,0,0,0
sw2_630700,电池,-2.8862,-4.5033,0,0,0
sw2_280400,摩托车及其他,-2.9249,-4.542,0,0,0
sw2_490100,证券Ⅱ,-2.9346,-4.5516,0,0,0
sw2_240500,小金属,-2.9377,-4.5547,0,0,0
sw2_220200,化学原料,-3.2469,-4.8639,0,0,0
sw2_740100,煤炭开采,-3.2755,-4.8925,0,0,0
sw2_650500,军工电子Ⅱ,-3.3222,-4.9392,0,0,0
sw2_480400,城商行Ⅱ,-3.5687,-5.1858,0,0,0
sw2_650200,航空装备Ⅱ,-3.6495,-5.2666,0,0,0
sw2_750300,炼化及贸易,-3.6521,-5.2691,0,0,0
sw2_360200,包装印刷,-3.9384,-5.5554,0,0,0
sw2_630600,风电设备,-4.0514,-5.6684,0,0,0
sw2_450400,专业连锁Ⅱ,-4.3437,-5.9607,0,0,0
sw2_720700,数字媒体,-4.3854,-6.0024,0,0,0
sw2_220400,化学纤维,-4.6052,-6.2222,0,0,0
sw2_350100,纺织制造,-4.6648,-6.2818,0,0,0
sw2_450300,一般零售,-4.7203,-6.3374,0,0,0
sw2_480200,国有大型银行Ⅱ,-4.9664,-6.5834,0,0,0
sw2_340900,调味发酵品Ⅱ,-5.0906,-6.7076,0,0,0
sw2_340400,食品加工,-5.1677,-6.7847,0,0,0
sw2_620300,基础建设,-5.1842,-6.8013,0,0,0
sw2_490300,多元金融,-5.3586,-6.9756,0,0,0
sw2_240600,能源金属,-5.3824,-6.9995,0,0,0
sw2_110500,农产品加工,-5.7307,-7.3478,0,0,0
sw2_720500,广告营销,-5.7599,-7.3769,0,0,0
sw2_480500,农商行Ⅱ,-5.825,-7.442,0,0,0
sw2_480300,股份制银行Ⅱ,-5.8606,-7.4776,0,0,0
sw2_420800,物流,-6.1036,-7.7206,0,0,0
sw2_230300,冶钢原料,-6.111,-7.728,0,0,0
sw2_620400,专业工程,-6.1878,-7.8049,0,0,0
sw2_370100,化学制药,-6.3669,-7.9839,0,0,0
sw2_370200,中药Ⅱ,-6.5318,-8.1488,0,0,0
sw2_360100,造纸,-6.9159,-8.5329,0,0,0
sw2_421000,航空机场,-7.0191,-8.6361,0,0,0
sw2_720600,影视院线,-7.051,-8.6681,0,0,0
sw2_240300,工业金属,-7.1355,-8.7525,0,0,0
sw2_280600,商用车,-7.2103,-8.8273,0,0,0
sw2_720900,出版,-7.4252,-9.0422,0,0,0
sw2_350300,饰品,-7.9095,-9.5265,0,0,0
sw2_330400,厨卫电器,-8.1243,-9.7413,0,0,0
sw2_610100,水泥,-8.1482,-9.7652,0,0,0
sw2_490200,保险Ⅱ,-8.1526,-9.7696,0,0,0
sw2_740200,焦炭Ⅱ,-8.2534,-9.8705,0,0,0
sw2_430300,房地产服务,-8.3004,-9.9174,0,0,0
sw2_750200,油服工程,-8.3206,-9.9376,0,0,0
sw2_110200,渔业,-8.4782,-10.0952,0,0,0
sw2_650300,地面兵装Ⅱ,-8.7081,-10.3251,0,0,0
sw2_370300,生物制品,-8.7107,-10.3277,0,0,0
sw2_220800,农化制品,-8.9747,-10.5917,0,0,0
sw2_370400,医药商业,-9.1091,-10.7261,0,0,0
sw2_280500,乘用车,-9.3224,-10.9394,0,0,0
sw2_110100,种植业,-9.5667,-11.1837,0,0,0
sw2_340500,白酒Ⅱ,-9.7014,-11.3184,0,0,0
sw2_110800,动物保健Ⅱ,-9.8393,-11.4563,0,0,0
sw2_720400,游戏Ⅱ,-9.928,-11.545,0,0,0
sw2_110400,饲料,-10.1565,-11.7735,0,0,0
sw2_230500,特钢Ⅱ,-10.4573,-12.0743,0,0,0
sw2_650100,航天装备Ⅱ,-11.3304,-12.9474,0,0,0
sw2_230400,普钢,-11.9089,-13.5259,0,0,0
sw2_461000,旅游及景区,-12.3718,-13.9888,0,0,0
sw2_461100,教育,-12.6315,-14.2485,0,0,0
sw2_110700,养殖业,-12.6641,-14.2812,0,0,0
sw2_460900,酒店餐饮,-15.4597,-17.0767,0,0,0
sw2_770100,个护用品,-16.3676,-17.9846,0,0,0
sw2_240400,贵金属,-17.8173,-19.4343,0,0,0
