date,open,high,low,close,volume,amount
2022-12-30,1.99,2.15,1.99,2.1,4138000.0,8677400.0
2023-01-03,2.08,2.35,2.01,2.28,4514000.0,10176180.0
2023-01-04,2.3,3.08,2.28,2.94,13452000.0,36667180.0
2023-01-05,3.08,3.88,3.06,3.3,26842000.0,93555940.0
2023-01-06,3.1,3.2,2.81,2.82,24986000.0,74825700.0
2023-01-09,2.9,2.97,2.51,2.64,11874000.0,32231760.0
2023-01-10,2.58,2.62,2.46,2.49,9706000.0,24412740.0
2023-01-11,2.56,2.8,2.46,2.54,15202000.0,40025800.0
2023-01-12,2.55,2.63,2.29,2.3,11718000.0,27934780.0
2023-01-13,2.3,2.44,2.29,2.4,8136000.0,19332750.0
2023-01-16,2.45,2.5,2.33,2.36,6092000.0,14561620.0
2023-01-17,2.36,2.43,2.28,2.34,5318000.0,12461940.0
2023-01-18,2.39,2.73,2.38,2.62,19666000.0,50642500.0
2023-01-19,2.47,2.52,2.4,2.43,10324000.0,25432460.0
2023-01-20,2.43,2.55,2.42,2.52,3818000.0,9513420.0
2023-01-26,2.54,2.67,2.52,2.62,5786000.0,15024260.0
2023-01-27,2.63,2.78,2.58,2.73,8646000.0,23466780.0
2023-01-30,2.8,2.9,2.63,2.65,12400000.0,34630300.0
2023-01-31,2.6,2.68,2.51,2.58,5726000.0,14668260.0
2023-02-01,2.58,2.68,2.52,2.62,6538000.0,16823420.0
2023-02-02,2.7,2.82,2.6,2.63,9222000.0,24923670.0
2023-02-03,2.66,2.77,2.63,2.74,9154000.0,24687540.0
2023-02-06,2.66,2.66,2.5,2.51,6060000.0,15653020.0
2023-02-07,2.5,2.55,2.44,2.52,3970000.0,9912140.0
2023-02-08,2.5,2.5,2.44,2.45,3508000.0,8649250.0
2023-02-09,2.45,2.66,2.45,2.6,4020000.0,10408700.0
2023-02-10,2.58,2.6,2.47,2.52,2110000.0,5298820.0
2023-02-13,2.46,2.53,2.43,2.48,1576000.0,3916340.0
2023-02-14,2.48,2.58,2.48,2.57,2294000.0,5794360.0
2023-02-15,2.5,2.51,2.32,2.37,5474000.0,13205360.0
2023-02-16,2.34,2.43,2.3,2.31,6076000.0,14312600.0
2023-02-17,2.4,2.46,2.3,2.32,11320000.0,26664760.0
2023-02-20,2.3,2.37,2.3,2.33,1400000.0,3281560.0
2023-02-21,2.36,2.41,2.33,2.36,3066000.0,7297862.0
2023-02-22,2.32,2.34,2.24,2.24,3940000.0,8981528.0
2023-02-23,2.24,2.3,2.14,2.3,2140000.0,4747970.0
2023-02-24,2.25,2.26,2.17,2.17,2470000.0,5450020.0
2023-02-27,2.11,2.17,2.05,2.08,5984000.0,12555380.0
2023-02-28,2.07,2.12,2.01,2.06,4228000.0,8677040.0
2023-03-01,2.06,2.2,2.05,2.12,4258000.0,9032620.0
2023-03-02,2.12,2.12,2.05,2.07,1412000.0,2937900.0
2023-03-03,2.17,2.29,2.15,2.24,5276000.0,11718340.0
2023-03-06,2.32,2.43,2.29,2.39,5794000.0,13749460.0
2023-03-07,2.41,2.48,2.33,2.35,6074000.0,14640020.0
2023-03-08,2.32,2.32,2.25,2.26,5474000.0,12493300.0
2023-03-09,2.32,2.42,2.29,2.35,4964000.0,11670180.0
2023-03-10,2.16,2.16,2.02,2.02,10504000.0,21780130.0
2023-03-13,2.09,2.26,2.05,2.13,14560000.0,31258840.0
2023-03-14,2.13,2.28,2.08,2.23,18098000.0,39836650.0
2023-03-15,2.2,2.83,2.2,2.7,75048000.0,194343330.0
2023-03-16,2.7,2.87,2.49,2.52,48166000.0,125942540.0
2023-03-17,2.75,2.98,2.7,2.7,113222650.0,318827605.0
2023-03-20,2.7,2.73,2.54,2.58,37794000.0,99528980.0
2023-03-21,2.64,2.79,2.58,2.67,32096000.0,86424500.0
2023-03-22,2.73,2.94,2.68,2.78,63692000.0,179376948.0
2023-03-23,2.77,3.13,2.74,3.01,91056000.0,271833380.0
2023-03-24,3.14,3.64,3.14,3.48,113320400.0,385902462.0
2023-03-27,3.45,3.57,3.29,3.4,64606600.0,220709214.0
2023-03-28,3.43,3.49,3.16,3.19,58040000.0,190283720.0
2023-03-29,3.24,3.46,3.07,3.34,70456545.0,233664013.0
2023-03-30,3.81,4.45,3.71,3.78,153670000.0,614519980.0
2023-03-31,4.0,4.41,3.95,4.3,86099700.0,358293790.0
2023-04-03,4.68,5.65,4.68,5.62,109607960.0,558129597.0
2023-04-04,5.2,5.45,4.72,4.75,105120600.0,530266628.0
2023-04-06,4.45,4.59,4.11,4.23,84660000.0,367382380.0
2023-04-11,4.04,4.45,3.8,4.37,103150000.0,434355954.0
2023-04-12,4.5,4.78,4.28,4.29,68648000.0,314306790.0
2023-04-13,4.3,4.46,4.14,4.18,37322000.0,158770940.0
2023-04-14,4.12,4.18,3.98,4.09,28480000.0,115707080.0
2023-04-17,4.1,4.17,3.89,4.15,34874000.0,140546800.0
2023-04-18,4.04,4.15,3.84,3.88,37544000.0,147956260.0
2023-04-19,3.8,3.85,3.64,3.64,34798000.0,129600480.0
2023-04-20,3.63,4.27,3.58,4.1,91088000.0,369186160.0
2023-04-21,4.0,4.04,3.59,3.59,51120470.0,193277100.0
2023-04-24,3.59,3.73,3.48,3.53,29560000.0,106305140.0
2023-04-25,3.41,3.45,3.2,3.2,45255000.0,149586820.0
2023-04-26,3.23,3.4,3.15,3.24,36024000.0,118177440.0
2023-04-27,3.09,3.13,2.95,2.96,46172000.0,140004044.0
2023-04-28,3.0,3.25,2.98,3.0,64764000.0,199246460.0
2023-05-02,3.01,3.09,2.89,2.9,6060000.0,17910760.0
2023-05-03,2.78,2.85,2.66,2.79,15733500.0,43581045.0
2023-05-04,2.82,2.89,2.69,2.7,40153500.0,111085890.0
2023-05-05,2.75,2.82,2.71,2.74,35978000.0,99124940.0
2023-05-08,2.78,2.97,2.77,2.81,41640000.0,118963160.0
2023-05-09,2.9,2.97,2.8,2.86,39644000.0,114687942.0
2023-05-10,2.87,2.87,2.69,2.77,33752000.0,92500240.0
2023-05-11,2.73,2.73,2.61,2.64,24840000.0,65876380.0
2023-05-12,2.68,2.74,2.62,2.66,20194000.0,53950560.0
2023-05-15,2.62,2.69,2.52,2.66,25262000.0,65786180.0
2023-05-16,2.8,2.87,2.71,2.72,47736000.0,132821040.0
2023-05-17,2.61,2.63,2.52,2.53,28022000.0,71982220.0
2023-05-18,2.52,2.64,2.43,2.54,35316000.0,88913640.0
2023-05-19,2.5,2.52,2.43,2.44,15268000.0,37742360.0
2023-05-22,2.39,2.45,2.3,2.43,26356000.0,62584180.0
2023-05-23,2.57,2.57,2.42,2.46,33969005.0,84564062.0
2023-05-24,2.25,2.29,2.16,2.19,40544000.0,90630560.0
2023-05-25,2.12,2.15,2.06,2.1,34299000.0,72001090.0
2023-05-29,2.07,2.09,1.99,2.0,33103000.0,67042290.0
2023-05-30,2.02,2.22,2.0,2.17,47624000.0,101294650.0
2023-05-31,2.32,2.37,2.21,2.26,75140000.0,172205960.0
2023-06-01,2.31,2.8,2.27,2.64,130501000.0,336050790.0
2023-06-02,2.81,2.91,2.68,2.72,85544000.0,236753670.0
2023-06-05,2.75,2.96,2.75,2.82,58230000.0,165836620.0
2023-06-06,2.67,2.7,2.55,2.61,49009500.0,128218065.0
2023-06-07,2.67,2.74,2.61,2.64,28948000.0,76803120.0
2023-06-08,2.56,2.56,2.42,2.53,37338000.0,92839320.0
2023-06-09,2.55,2.93,2.48,2.88,102256000.0,284442020.0
2023-06-12,2.81,3.07,2.8,2.99,81358000.0,240720100.0
2023-06-13,3.14,3.21,3.04,3.15,64596000.0,202475050.0
2023-06-14,3.54,3.65,3.37,3.42,107950005.0,379166015.0
2023-06-15,3.58,3.78,3.53,3.61,84754000.0,310121900.0
2023-06-16,3.51,3.55,3.34,3.5,64716000.0,222333880.0
2023-06-19,3.3,3.41,3.24,3.31,40949000.0,135254630.0
2023-06-20,3.38,3.72,3.21,3.66,103176000.0,360309420.0
2023-06-21,3.47,3.59,3.33,3.34,65640000.0,225980000.0
2023-06-23,3.36,3.45,3.2,3.28,15722000.0,51532740.0
2023-06-26,3.04,3.11,2.92,2.97,47131500.0,141533140.0
2023-06-27,2.98,3.2,2.98,3.17,48838000.0,152608180.0
2023-06-28,3.33,3.43,3.2,3.25,53392000.0,176324820.0
2023-06-29,3.25,3.32,3.07,3.24,51420000.0,163735440.0
2023-06-30,3.21,3.34,3.18,3.21,29064000.0,94749260.0
2023-07-03,3.26,3.31,3.12,3.31,35784376.0,115877722.0
2023-07-04,3.31,3.31,3.12,3.16,36406000.0,116711040.0
2023-07-05,3.22,3.3,3.15,3.16,31536000.0,100994620.0
2023-07-06,3.09,3.1,2.91,2.94,32358000.0,97119560.0
2023-07-07,2.88,2.97,2.8,2.87,29404000.0,84366942.0
2023-07-10,2.94,2.98,2.86,2.88,15766000.0,45733590.0
2023-07-11,2.97,3.03,2.94,2.97,22710000.0,67773900.0
2023-07-12,2.97,2.99,2.81,2.82,26818000.0,77111480.0
2023-07-13,2.93,3.21,2.91,3.21,62642000.0,191543780.0
2023-07-14,3.39,3.53,3.29,3.35,80728000.0,275014940.0
2023-07-18,3.29,3.33,3.2,3.25,25530000.0,82966690.0
2023-07-19,3.32,3.44,3.27,3.31,29757000.0,99670140.0
2023-07-20,3.4,3.45,3.29,3.32,23280000.0,77862420.0
2023-07-21,3.29,3.29,3.17,3.22,15742000.0,50529180.0
2023-07-24,3.22,3.32,3.09,3.14,12514000.0,39662500.0
2023-07-25,3.3,3.36,3.26,3.33,28592000.0,94623860.0
2023-07-26,3.3,3.3,3.19,3.25,14496000.0,46813560.0
2023-07-27,3.35,3.44,3.28,3.36,27646000.0,93225660.0
2023-07-28,3.21,3.41,3.17,3.4,24348000.0,80307000.0
2023-07-31,3.71,3.76,3.51,3.54,48363005.0,175709507.0
2023-08-01,3.59,3.62,3.45,3.56,26556000.0,94771340.0
2023-08-02,3.46,3.53,3.35,3.38,14964000.0,51264140.0
2023-08-03,3.31,3.45,3.31,3.43,8318000.0,28156700.0
2023-08-04,3.53,3.55,3.41,3.43,9686000.0,33637540.0
2023-08-07,3.41,3.43,3.3,3.32,10100000.0,33876860.0
2023-08-08,3.29,3.29,3.18,3.19,11484000.0,37015700.0
2023-08-09,3.23,3.26,3.18,3.24,6634935.0,21379684.0
2023-08-10,3.2,3.2,3.07,3.16,10540000.0,32999090.0
2023-08-11,3.16,3.16,3.0,3.06,10232000.0,31292758.0
2023-08-14,2.98,3.01,2.87,2.98,15338000.0,44893720.0
2023-08-15,2.98,2.99,2.89,2.91,7926000.0,23197260.0
2023-08-16,2.89,2.89,2.75,2.78,16561600.0,46540644.0
2023-08-17,2.77,2.91,2.69,2.89,12414000.0,35141180.0
2023-08-18,2.89,2.89,2.73,2.73,9528000.0,26653780.0
2023-08-21,2.7,2.75,2.64,2.66,11308000.0,30337500.0
2023-08-22,2.77,2.81,2.67,2.78,17918000.0,49125184.0
2023-08-23,2.73,2.73,2.64,2.67,12926000.0,34608110.0
2023-08-24,2.73,2.85,2.71,2.85,16542000.0,46258780.0
2023-08-25,2.66,2.69,2.6,2.61,25876000.0,68459760.0
2023-08-28,2.77,2.82,2.69,2.71,17770000.0,49006120.0
2023-08-29,2.78,2.88,2.73,2.87,15558000.0,44116270.0
2023-08-30,3.02,3.11,2.93,2.93,27064000.0,81562075.0
2023-08-31,2.99,3.01,2.9,2.92,10482000.0,30926800.0
2023-09-04,2.95,3.02,2.91,3.0,14196000.0,42015580.0
2023-09-05,2.98,3.02,2.9,2.93,12556000.0,37050220.0
2023-09-06,2.89,2.9,2.8,2.85,14438000.0,40987340.0
2023-09-07,2.83,2.83,2.73,2.75,7880000.0,21785520.0
2023-09-11,2.68,2.78,2.65,2.76,8524000.0,23061640.0
2023-09-12,2.79,2.79,2.68,2.69,8418000.0,22761379.0
2023-09-13,2.68,2.69,2.62,2.63,6670000.0,17664200.0
2023-09-14,2.67,2.71,2.62,2.67,5162000.0,13728020.0
2023-09-15,2.67,2.7,2.55,2.7,27372000.0,73067060.0
2023-09-18,2.7,2.7,2.59,2.6,5910900.0,15505004.0
2023-09-19,2.58,2.64,2.56,2.61,6694000.0,17370160.0
2023-09-20,2.6,2.6,2.5,2.5,7450000.0,18827680.0
2023-09-21,2.5,2.5,2.41,2.44,5373100.0,13119707.0
2023-09-22,2.39,2.55,2.35,2.54,14118501.0,34948442.0
2023-09-25,2.61,2.64,2.46,2.46,11956000.0,30291820.0
2023-09-26,2.46,2.54,2.43,2.47,6904000.0,17134480.0
2023-09-27,2.47,2.5,2.41,2.43,4686000.0,11475580.0
2023-09-28,2.45,2.48,2.38,2.42,4382000.0,10570300.0
2023-09-29,2.46,2.59,2.46,2.59,3400000.0,8663540.0
2023-10-03,2.51,2.54,2.39,2.42,2151000.0,5224690.0
2023-10-04,2.38,2.38,2.28,2.31,3118000.0,7201080.0
2023-10-05,2.38,2.43,2.35,2.4,2250000.0,5369060.0
2023-10-06,2.4,2.44,2.38,2.44,1014000.0,2450400.0
2023-10-09,2.51,2.52,2.44,2.5,4634000.0,11572500.0
2023-10-10,2.52,2.66,2.52,2.63,15982000.0,41719840.0
2023-10-11,2.71,2.75,2.63,2.66,10870000.0,29135620.0
2023-10-12,2.64,2.69,2.59,2.6,7094000.0,18562400.0
2023-10-13,2.53,2.59,2.5,2.54,4616000.0,11739100.0
2023-10-16,2.51,2.51,2.45,2.45,4430000.0,10916980.0
2023-10-17,2.53,2.57,2.48,2.53,5662000.0,14256770.0
2023-10-18,2.53,2.54,2.46,2.5,2880000.0,7209280.0
2023-10-19,2.46,2.51,2.43,2.49,3896000.0,9622540.0
2023-10-20,2.43,2.45,2.37,2.38,5818000.0,13986800.0
2023-10-24,2.36,2.37,2.3,2.33,6316000.0,14750800.0
2023-10-25,2.49,2.55,2.39,2.43,13184000.0,32680160.0
2023-10-26,2.38,2.4,2.32,2.36,6314000.0,14862940.0
2023-10-27,2.35,2.41,2.31,2.41,8740000.0,20664960.0
2023-10-30,2.35,2.48,2.33,2.47,7730000.0,18645780.0
2023-10-31,2.58,2.62,2.47,2.48,14822000.0,37358800.0
2023-11-01,2.48,2.49,2.41,2.42,4706000.0,11458880.0
2023-11-02,2.45,2.53,2.45,2.49,7648000.0,19056820.0
2023-11-03,2.55,2.66,2.53,2.65,13004000.0,33660840.0
2023-11-06,2.71,2.78,2.68,2.78,15020000.0,41078820.0
2023-11-07,2.63,2.74,2.62,2.71,13738000.0,36741980.0
2023-11-08,2.71,2.78,2.65,2.68,12422000.0,33829320.0
2023-11-09,2.71,2.75,2.63,2.66,7287000.0,19614130.0
2023-11-10,2.66,2.66,2.5,2.52,11308000.0,28711980.0
2023-11-13,2.54,2.72,2.54,2.71,9286000.0,24411340.0
2023-11-14,2.71,2.83,2.65,2.79,13980000.0,38372260.0
2023-11-15,2.89,2.95,2.78,2.82,13714000.0,38896960.0
2023-11-16,2.87,2.87,2.75,2.77,6612000.0,18488220.0
2023-11-17,2.7,2.71,2.65,2.7,5710000.0,15296360.0
2023-11-20,2.72,2.77,2.65,2.76,9107998.0,24819714.0
2023-11-21,2.83,2.83,2.68,2.69,8306000.0,22760520.0
2023-11-22,2.55,2.6,2.45,2.48,34158000.0,85414320.0
2023-11-23,2.48,2.51,2.42,2.5,12553000.0,30852870.0
2023-11-24,2.5,2.5,2.42,2.43,8018000.0,19684260.0
2023-11-27,2.42,2.45,2.4,2.43,6538000.0,15825120.0
2023-11-28,2.4,2.43,2.35,2.38,7012000.0,16736780.0
2023-11-29,2.37,2.37,2.3,2.33,8378318.0,19524076.0
2023-11-30,2.33,2.35,2.28,2.33,9394000.0,21795200.0
2023-12-01,2.29,2.41,2.28,2.36,10524000.0,24627440.0
2023-12-04,2.34,2.36,2.18,2.18,22724000.0,50731790.0
2023-12-05,2.18,2.24,2.17,2.2,8643000.0,19071130.0
2023-12-06,2.18,2.25,2.16,2.24,7019701.0,15564535.0
2023-12-07,2.15,2.19,2.13,2.17,9855000.0,21331910.0
2023-12-08,2.21,2.25,2.16,2.2,12696000.0,28017380.0
2023-12-11,2.18,2.25,2.13,2.25,5470000.0,12027075.0
2023-12-12,2.21,2.21,2.15,2.19,9946000.0,21687352.0
2023-12-13,2.14,2.15,2.07,2.09,12789000.0,26950450.0
2023-12-14,2.11,2.15,2.1,2.12,6936000.0,14757620.0
2023-12-15,2.03,2.17,2.03,2.16,41176000.0,87361208.0
2023-12-18,2.08,2.09,2.03,2.04,18178000.0,37373720.0
2023-12-19,2.01,2.06,1.98,2.02,13402000.0,27064020.0
2023-12-20,2.04,2.07,2.0,2.01,9562000.0,19446120.0
2023-12-21,1.93,1.99,1.91,1.94,17135000.0,33440020.0
2023-12-22,1.98,2.01,1.87,1.91,18392000.0,35531860.0
2023-12-27,1.93,1.93,1.89,1.92,7304000.0,13969000.0
2023-12-28,1.91,2.03,1.91,1.99,11582000.0,23021300.0
2023-12-29,1.99,2.04,1.97,2.01,6266000.0,12560060.0
2024-01-02,2.04,2.05,1.93,1.93,5140000.0,10066800.0
2024-01-03,1.9,1.91,1.88,1.89,7140912.0,13537152.0
2024-01-04,1.87,1.87,1.79,1.81,14406000.0,26270460.0
2024-01-05,1.79,1.8,1.73,1.74,11676000.0,20538280.0
2024-01-08,1.72,1.72,1.65,1.66,12094000.0,20282760.0
2024-01-09,1.67,1.71,1.63,1.63,8950992.0,14865347.0
2024-01-10,1.56,1.57,1.5,1.54,19380004.0,29744126.0
2024-01-11,1.51,1.56,1.48,1.55,14469380.0,22261284.0
2024-01-12,1.51,1.53,1.47,1.47,16318000.0,24455620.0
2024-01-15,1.47,1.55,1.45,1.51,11252000.0,16938540.0
2024-01-16,1.48,1.56,1.48,1.51,12442000.0,18953620.0
2024-01-17,1.5,1.5,1.37,1.4,24168175.0,34192098.0
2024-01-18,1.42,1.45,1.39,1.43,12796000.0,18254798.0
2024-01-19,1.39,1.41,1.37,1.39,11749000.0,16324060.0
2024-01-22,1.4,1.41,1.29,1.32,15378000.0,20501540.0
2024-01-23,1.37,1.46,1.34,1.44,19794000.0,28199950.0
2024-01-24,1.48,1.51,1.42,1.5,14815460.0,21803004.0
2024-01-25,1.47,1.48,1.42,1.46,11332000.0,16404300.0
2024-01-26,1.43,1.44,1.36,1.37,14565650.0,20394330.0
2024-01-29,1.38,1.43,1.34,1.36,9561650.0,13278660.0
2024-01-30,1.37,1.38,1.33,1.34,6702000.0,9043620.0
2024-01-31,1.33,1.34,1.28,1.31,9846000.0,12901440.0
2024-02-01,1.35,1.38,1.3,1.34,10982000.0,14839832.0
2024-02-02,1.36,1.39,1.29,1.31,8776000.0,11657560.0
2024-02-05,1.31,1.35,1.26,1.32,14399115.0,18818276.0
2024-02-06,1.29,1.4,1.28,1.38,14260860.0,19374566.0
2024-02-07,1.45,1.46,1.34,1.35,21524000.0,30084220.0
2024-02-08,1.35,1.4,1.34,1.37,8166000.0,11224700.0
2024-02-09,1.34,1.35,1.32,1.33,1360000.0,1814720.0
2024-02-14,1.34,1.34,1.27,1.33,5664000.0,7402320.0
2024-02-15,1.36,1.4,1.32,1.38,4428000.0,6038970.0
2024-02-16,1.41,1.5,1.39,1.48,5246000.0,7658460.0
2024-02-19,1.47,1.47,1.38,1.4,10554000.0,14868250.0
2024-02-20,1.4,1.43,1.39,1.43,4768000.0,6742740.0
2024-02-21,1.38,1.5,1.36,1.45,16191100.0,23523717.0
2024-02-22,1.45,1.57,1.45,1.56,17724000.0,26762040.0
2024-02-23,1.57,1.75,1.57,1.64,59811400.0,99780442.0
2024-02-26,1.64,1.69,1.6,1.62,18658000.0,30655800.0
2024-02-27,1.62,1.71,1.57,1.71,18490000.0,30443840.0
2024-02-28,1.72,1.76,1.58,1.59,27622000.0,45879100.0
2024-02-29,1.59,1.64,1.52,1.59,36306000.0,57144360.0
2024-03-01,1.56,1.56,1.5,1.55,14634000.0,22511340.0
2024-03-04,1.54,1.54,1.48,1.5,14201700.0,21276027.0
2024-03-05,1.48,1.48,1.43,1.44,10088000.0,14604180.0
2024-03-06,1.33,1.39,1.32,1.35,26770000.0,36262440.0
2024-03-07,1.4,1.43,1.33,1.34,23890000.0,32723880.0
2024-03-08,1.34,1.41,1.34,1.38,17316000.0,24038270.0
2024-03-11,1.41,1.7,1.4,1.64,65416000.0,104223410.0
2024-03-12,1.88,1.96,1.75,1.79,100558000.0,184030285.0
2024-03-13,1.8,1.87,1.76,1.81,32203184.0,58372615.0
2024-03-14,1.77,1.78,1.68,1.71,21252000.0,36440730.0
2024-03-15,1.65,1.67,1.62,1.67,14370000.0,23697482.0
2024-03-18,1.63,1.91,1.6,1.78,43878000.0,78138320.0
2024-03-19,1.76,1.79,1.71,1.71,20143878.0,35215156.0
2024-03-20,1.72,1.88,1.69,1.85,34378000.0,62200054.0
2024-03-21,1.96,2.0,1.85,1.86,52562000.0,100247180.0
2024-03-22,1.85,1.92,1.79,1.83,36237700.0,66998811.0
2024-03-25,1.75,1.75,1.68,1.7,27939400.0,47831360.0
2024-03-26,1.66,1.73,1.65,1.69,16192390.0,27274194.0
2024-03-27,1.66,1.66,1.54,1.56,31716000.0,49910046.0
2024-03-28,1.59,1.71,1.56,1.66,29594000.0,48678340.0
2024-04-02,1.68,1.73,1.66,1.68,18505513.0,31301486.0
2024-04-03,1.7,1.71,1.61,1.61,10440000.0,17109720.0
2024-04-05,1.61,1.65,1.58,1.65,4456000.0,7166000.0
2024-04-08,1.64,1.68,1.58,1.6,12348000.0,20066840.0
2024-04-09,1.6,1.64,1.58,1.61,11332000.0,18195070.0
2024-04-10,1.6,1.62,1.58,1.58,9544000.0,15217400.0
2024-04-11,1.57,1.58,1.51,1.56,13696706.0,21073986.0
2024-04-12,1.56,1.56,1.48,1.49,18665245.0,28160119.0
2024-04-15,1.44,1.48,1.43,1.44,9480000.0,13710240.0
2024-04-16,1.39,1.4,1.36,1.38,14926000.0,20581700.0
2024-04-17,1.39,1.45,1.39,1.44,8762000.0,12401906.0
2024-04-18,1.41,1.48,1.41,1.46,7934000.0,11495270.0
2024-04-19,1.44,1.44,1.39,1.39,7154000.0,10036700.0
2024-04-22,1.4,1.46,1.4,1.44,4808200.0,6911126.0
2024-04-23,1.45,1.52,1.45,1.49,9498000.0,14081380.0
2024-04-24,1.6,1.6,1.51,1.55,20700000.0,31843980.0
2024-04-25,1.53,1.57,1.51,1.51,9596000.0,14749520.0
2024-04-26,1.53,1.66,1.53,1.66,25510000.0,41144600.0
2024-04-29,1.66,1.75,1.66,1.71,26816000.0,46024576.0
2024-04-30,1.69,1.73,1.64,1.67,12656000.0,21133860.0
2024-05-02,1.68,1.85,1.66,1.83,12496000.0,22526780.0
2024-05-03,1.89,1.9,1.78,1.83,7482000.0,13646980.0
2024-05-06,1.84,1.84,1.73,1.76,16622000.0,29352240.0
2024-05-07,1.77,1.79,1.68,1.73,18656200.0,32188936.0
2024-05-08,1.71,1.73,1.64,1.66,10166000.0,17068200.0
2024-05-09,1.7,1.75,1.68,1.73,11064000.0,19077850.0
2024-05-10,1.74,1.8,1.71,1.76,10290000.0,17944880.0
2024-05-13,1.73,1.82,1.67,1.81,17560000.0,30819060.0
2024-05-14,1.9,1.92,1.76,1.78,38240000.0,70084140.0
2024-05-16,1.8,1.9,1.72,1.82,27088854.0,49173151.0
2024-05-17,1.86,1.94,1.85,1.89,25734000.0,48747820.0
2024-05-20,1.91,1.91,1.82,1.86,19588000.0,36434692.0
2024-05-21,1.79,1.79,1.67,1.67,30458000.0,52248870.0
2024-05-22,1.68,1.74,1.67,1.71,10630000.0,18165620.0
2024-05-23,1.61,1.67,1.6,1.62,21275000.0,34588250.0
2024-05-24,1.6,1.6,1.52,1.54,18894000.0,29354566.0
2024-05-27,1.54,1.58,1.49,1.58,9342000.0,14381832.0
2024-05-28,1.58,1.6,1.53,1.54,6198000.0,9707500.0
2024-05-29,1.55,1.57,1.52,1.55,7306000.0,11313980.0
2024-05-30,1.54,1.56,1.52,1.52,4662000.0,7150200.0
2024-05-31,1.55,1.58,1.49,1.54,16986000.0,26106300.0
2024-06-03,1.53,1.55,1.51,1.51,9474000.0,14440420.0
2024-06-04,1.48,1.52,1.48,1.5,11136000.0,16592440.0
2024-06-05,1.49,1.53,1.46,1.48,9484000.0,14172520.0
2024-06-06,1.52,1.52,1.46,1.49,10060000.0,14977060.0
2024-06-07,1.49,1.49,1.45,1.45,10086000.0,14753540.0
2024-06-11,1.45,1.45,1.42,1.45,10676000.0,15367310.0
2024-06-12,1.49,1.51,1.46,1.49,13742000.0,20406480.0
2024-06-13,1.51,1.55,1.5,1.54,16848000.0,25751920.0
2024-06-14,1.52,1.63,1.5,1.57,37652000.0,59602080.0
2024-06-17,1.56,1.58,1.54,1.54,12404000.0,19401090.0
2024-06-18,1.52,1.53,1.49,1.5,8644000.0,13006620.0
2024-06-19,1.46,1.5,1.45,1.5,15484000.0,22843370.0
2024-06-20,1.48,1.5,1.41,1.44,17550000.0,25290650.0
2024-06-21,1.43,1.43,1.4,1.41,28316000.0,39939740.0
2024-06-24,1.4,1.4,1.35,1.36,10292000.0,14084220.0
2024-06-25,1.37,1.39,1.33,1.35,9904000.0,13502840.0
2024-06-26,1.35,1.41,1.34,1.4,9044000.0,12466020.0
2024-06-27,1.41,1.41,1.35,1.36,7690000.0,10592610.0
2024-06-28,1.36,1.39,1.35,1.37,3766000.0,5148500.0
2024-07-02,1.34,1.36,1.31,1.31,8602000.0,11450300.0
2024-07-03,1.31,1.39,1.31,1.39,8104000.0,11059500.0
2024-07-04,1.4,1.42,1.36,1.37,5216000.0,7252940.0
2024-07-05,1.37,1.39,1.34,1.39,5172000.0,7061660.0
2024-07-08,1.4,1.4,1.34,1.36,7300000.0,9926940.0
2024-07-09,1.36,1.41,1.34,1.41,4434000.0,6140240.0
2024-07-10,1.45,1.47,1.42,1.42,8577000.0,12411720.0
2024-07-11,1.43,1.47,1.42,1.47,6208000.0,8998800.0
2024-07-12,1.44,1.47,1.44,1.45,7445000.0,10834420.0
2024-07-15,1.46,1.46,1.42,1.44,2534000.0,3636140.0
2024-07-16,1.41,1.48,1.4,1.45,6902000.0,9973694.0
2024-07-17,1.44,1.47,1.44,1.46,5588000.0,8136730.0
2024-07-18,1.42,1.42,1.39,1.4,5618000.0,7890700.0
2024-07-19,1.41,1.42,1.37,1.37,5646000.0,7841720.0
2024-07-22,1.38,1.4,1.36,1.39,3788000.0,5224120.0
2024-07-23,1.39,1.39,1.33,1.34,5010000.0,6796510.0
2024-07-24,1.35,1.36,1.3,1.32,5024000.0,6628020.0
2024-07-25,1.32,1.33,1.28,1.29,5432000.0,7037040.0
2024-07-26,1.3,1.34,1.29,1.32,5276000.0,6963340.0
2024-07-29,1.35,1.39,1.34,1.36,5764000.0,7857860.0
2024-07-30,1.36,1.36,1.32,1.32,2010000.0,2679040.0
2024-07-31,1.36,1.42,1.35,1.41,6962000.0,9687580.0
2024-08-01,1.4,1.42,1.38,1.4,3560000.0,4974920.0
2024-08-02,1.34,1.35,1.31,1.33,10628000.0,14106580.0
2024-08-05,1.3,1.35,1.27,1.28,7826000.0,10134430.0
2024-08-06,1.32,1.32,1.27,1.28,6484000.0,8309100.0
2024-08-07,1.29,1.35,1.28,1.32,9570000.0,12644840.0
2024-08-08,1.29,1.31,1.26,1.28,6186000.0,7949640.0
2024-08-09,1.31,1.33,1.29,1.29,2776000.0,3632370.0
2024-08-12,1.28,1.3,1.28,1.29,2402000.0,3107820.0
2024-08-13,1.33,1.35,1.32,1.35,6876000.0,9161880.0
2024-08-14,1.3,1.3,1.28,1.28,6864000.0,8843040.0
2024-08-15,1.28,1.3,1.26,1.28,5242000.0,6685280.0
2024-08-16,1.29,1.3,1.28,1.29,4598000.0,5926880.0
2024-08-19,1.31,1.34,1.3,1.33,7355610.0,9736641.0
2024-08-20,1.32,1.34,1.3,1.32,2194000.0,2891460.0
2024-08-21,1.27,1.27,1.23,1.27,9244000.0,11606300.0
2024-08-22,1.3,1.32,1.27,1.29,5692000.0,7369920.0
2024-08-23,1.27,1.3,1.27,1.28,2718000.0,3486960.0
2024-08-26,1.29,1.33,1.29,1.32,6828000.0,8982970.0
2024-08-27,1.36,1.39,1.35,1.38,13320000.0,18242080.0
2024-08-28,1.34,1.35,1.31,1.31,4644000.0,6132950.0
2024-08-29,1.28,1.29,1.25,1.29,17468000.0,22217980.0
2024-08-30,1.28,1.33,1.28,1.31,15928000.0,20909716.0
2024-09-02,1.27,1.27,1.23,1.23,25375682.0,31462329.0
2024-09-03,1.23,1.25,1.21,1.21,15093830.0,18572892.0
2024-09-04,1.17,1.2,1.17,1.17,9762000.0,11492700.0
2024-09-05,1.16,1.16,1.12,1.14,15943528.0,18148861.0
2024-09-09,1.12,1.16,1.08,1.13,34713000.0,39001750.0
2024-09-10,1.17,1.19,1.14,1.15,10454000.0,12120720.0
2024-09-11,1.15,1.17,1.13,1.15,10758000.0,12342710.0
2024-09-12,1.16,1.16,1.14,1.15,4700000.0,5410300.0
2024-09-13,1.15,1.17,1.14,1.14,4546000.0,5242200.0
2024-09-16,1.16,1.21,1.15,1.18,3150000.0,3713900.0
2024-09-17,1.16,1.18,1.14,1.17,3714000.0,4313100.0
2024-09-19,1.17,1.19,1.14,1.18,18490000.0,21679180.0
2024-09-20,1.18,1.21,1.17,1.19,29053350.0,34644200.0
2024-09-23,1.21,1.22,1.18,1.19,16645380.0,19902242.0
2024-09-24,1.2,1.28,1.2,1.28,26446000.0,33076290.0
2024-09-25,1.35,1.45,1.28,1.3,37244000.0,50320172.0
2024-09-26,1.3,1.42,1.29,1.42,49202000.0,67086300.0
2024-09-27,1.46,1.57,1.42,1.54,58690214.0,88165304.0
2024-09-30,1.62,1.73,1.55,1.7,83639000.0,138312040.0
2024-10-02,1.7,1.88,1.69,1.85,28659000.0,51687380.0
2024-10-03,2.02,2.16,1.82,2.0,60263500.0,120039613.0
2024-10-04,2.01,2.22,1.95,2.21,41818400.0,88514385.0
2024-10-07,2.3,2.34,2.11,2.18,43555900.0,95990253.0
2024-10-08,2.19,2.24,1.81,1.82,126404000.0,252281598.0
2024-10-09,1.86,1.92,1.7,1.77,72002000.0,130602530.0
2024-10-10,1.84,1.84,1.74,1.77,30180000.0,54051900.0
2024-10-14,1.7,1.7,1.55,1.6,38066000.0,61371420.0
2024-10-15,1.56,1.58,1.44,1.48,38094000.0,57906800.0
2024-10-16,1.45,1.5,1.42,1.45,27426000.0,40011930.0
2024-10-17,1.46,1.52,1.39,1.42,26160000.0,38358930.0
2024-10-18,1.43,1.56,1.41,1.55,32233350.0,48015636.0
2024-10-21,1.53,1.53,1.47,1.49,27428000.0,41114980.0
2024-10-22,1.5,1.53,1.48,1.49,26060000.0,39171762.0
2024-10-23,1.51,1.52,1.47,1.48,27968000.0,41852330.0
2024-10-24,1.42,1.44,1.38,1.4,35004000.0,49473090.0
2024-10-25,1.4,1.44,1.4,1.42,20886000.0,29684500.0
2024-10-28,1.43,1.48,1.41,1.46,18264000.0,26515932.0
2024-10-29,1.52,1.67,1.49,1.6,87713140.0,138815332.0
2024-10-30,1.6,1.63,1.54,1.57,40984000.0,64664140.0
2024-10-31,1.56,1.56,1.5,1.51,33732000.0,51452220.0
2024-11-01,1.49,1.52,1.47,1.5,46442000.0,69670860.0
2024-11-04,1.51,1.56,1.49,1.53,26032000.0,39942040.0
2024-11-05,1.52,1.75,1.47,1.71,101276000.0,165696040.0
2024-11-06,1.81,2.18,1.78,2.0,317425000.0,642298834.0
2024-11-07,2.11,2.21,2.03,2.14,170316110.0,362324553.0
2024-11-08,2.24,2.41,2.13,2.17,159706000.0,362863840.0
2024-11-11,2.14,2.33,2.02,2.21,110948000.0,243674220.0
2024-11-12,2.51,2.61,2.32,2.36,149784000.0,367301710.0
2024-11-13,2.15,2.29,2.1,2.26,81851000.0,179930070.0
2024-11-14,2.38,2.75,2.35,2.43,262876002.0,669761751.0
2024-11-15,2.54,2.78,2.43,2.68,201661000.0,531579038.0
2024-11-18,2.64,2.74,2.21,2.28,172178000.0,417481106.0
2024-11-19,2.28,2.56,2.28,2.47,125994000.0,302662800.0
2024-11-20,2.4,3.4,2.4,3.13,351620417.0,1058514665.0
2024-11-21,3.59,3.85,3.3,3.42,346605484.0,1252510242.0
2024-11-22,3.11,3.76,3.08,3.41,271465338.0,945844195.0
2024-11-25,3.84,3.96,3.43,3.5,244504081.0,900229825.0
2024-11-26,3.5,3.6,3.08,3.21,157796799.0,518556292.0
2024-11-27,3.12,3.38,3.02,3.24,119138000.0,385174120.0
2024-11-28,3.57,3.65,3.24,3.35,163034659.0,553999554.0
2024-11-29,3.42,3.66,3.15,3.63,150594000.0,514751950.0
2024-12-02,3.51,4.14,3.5,4.02,210266800.0,825517180.0
2024-12-03,4.02,4.08,3.83,3.87,85335008.0,335994505.0
2024-12-04,3.9,4.41,3.89,4.28,179850002.0,758438362.0
2024-12-05,4.28,5.03,4.23,4.83,256401766.0,1196389860.0
2024-12-06,4.93,5.08,4.36,4.44,251174802.0,1156955167.0
2024-12-09,4.65,4.8,4.53,4.77,146376269.0,683435709.0
2024-12-10,4.67,4.72,4.31,4.58,107436001.0,490923104.0
2024-12-11,4.6,4.98,4.47,4.81,160677000.0,763552790.0
2024-12-12,4.84,5.29,4.82,5.08,189929000.0,962050370.0
2024-12-13,5.17,5.2,4.81,4.93,98314474.0,493243481.0
2024-12-16,4.82,4.99,4.57,4.66,69549881.0,328483869.0
2024-12-17,4.6,4.71,4.21,4.31,121943001.0,530263224.0
2024-12-18,4.4,4.53,4.31,4.43,60660000.0,269549900.0
2024-12-19,4.34,4.38,4.17,4.23,82031523.0,347504066.0
2024-12-20,4.19,4.8,4.19,4.69,123990880.0,569782223.0
2024-12-23,4.96,5.04,4.7,4.85,111124000.0,544599760.0
2024-12-24,4.85,4.85,4.56,4.63,42190000.0,196270700.0
2024-12-27,5.19,6.7,5.12,6.38,331786510.0,2020672774.0
2024-12-30,6.55,6.79,6.12,6.23,134069410.0,855559335.0
2024-12-31,6.04,6.1,5.75,5.96,70312350.0,412806613.0
2025-01-02,5.7,6.0,5.48,5.6,93321856.0,533761450.0
2025-01-03,5.64,6.37,5.42,5.9,175665802.0,1056435956.0
2025-01-06,6.03,6.28,5.45,5.56,124354800.0,728772563.0
2025-01-07,5.5,5.83,5.23,5.6,103486661.0,569423412.0
2025-01-08,5.51,5.68,5.24,5.31,64605400.0,347592662.0
2025-01-09,5.28,5.91,5.28,5.91,95856300.0,538174710.0
2025-01-10,5.91,5.91,5.38,5.43,81891421.0,455178130.0
2025-01-13,5.34,5.34,4.81,5.06,73384395.0,371809441.0
2025-01-14,4.89,5.3,4.78,5.09,99805100.0,507032593.0
2025-01-15,5.09,5.09,4.87,4.9,51892000.0,257597240.0
2025-01-16,5.01,5.28,4.93,5.14,92414500.0,474799315.0
2025-01-17,5.16,5.41,5.16,5.27,61355074.0,324000175.0
2025-01-20,5.3,5.45,4.86,4.89,96636998.0,485188571.0
2025-01-21,4.95,5.09,4.86,4.96,55366000.0,275446820.0
2025-01-22,4.9,5.05,4.48,5.04,108487224.0,519208842.0
2025-01-23,5.0,5.17,4.96,5.02,47571000.0,241280070.0
2025-01-24,5.03,5.8,5.03,5.52,161220000.0,876483910.0
2025-01-27,5.8,6.49,5.66,6.14,230980986.0,1402825459.0
2025-01-28,5.95,6.29,5.9,5.95,34263600.0,208721768.0
2025-02-03,6.28,8.18,6.2,7.82,137434000.0,1022775298.0
2025-02-04,7.98,8.8,7.52,8.58,117830370.0,974183034.0
2025-02-05,7.96,8.46,7.55,8.2,199862538.0,1626432596.0
2025-02-06,8.53,9.04,8.3,8.7,219050796.0,1899272497.0
2025-02-07,9.16,9.35,8.0,8.52,307364299.0,2671120846.0
2025-02-10,9.19,9.58,8.68,9.33,192446239.0,1749874770.0
2025-02-11,9.65,9.66,8.83,8.9,182338666.0,1681098487.0
2025-02-12,8.85,9.3,8.67,9.1,134555200.0,1211751838.0
2025-02-13,9.25,9.55,8.79,8.91,181440361.0,1655621101.0
2025-02-14,8.97,10.88,8.94,10.7,335564596.0,3374386477.0
2025-02-17,11.28,11.32,9.85,10.28,234555478.0,2422850343.0
2025-02-18,10.3,11.24,10.0,10.3,244151626.0,2590654690.0
2025-02-19,10.02,10.7,9.68,10.38,147603407.0,1517191354.0
2025-02-20,10.28,10.76,9.91,10.02,113924869.0,1154819282.0
2025-02-21,10.56,11.4,10.2,11.22,259635683.0,2810302785.0
2025-02-24,10.98,11.36,10.6,10.7,148827553.0,1608819371.0
2025-02-25,9.7,10.26,9.5,9.97,184879282.0,1835796612.0
2025-02-26,10.1,10.24,9.73,9.88,120241020.0,1193955859.0
2025-02-27,10.0,10.14,8.32,8.86,333715343.0,2981301284.0
2025-02-28,8.59,8.85,8.2,8.35,151409322.0,1272545703.0
2025-03-03,8.65,9.03,8.22,8.63,153470667.0,1324337919.0
2025-03-04,7.97,8.45,7.9,8.16,125443124.0,1022535020.0
2025-03-05,8.61,8.88,8.42,8.75,159183515.0,1373283822.0
2025-03-06,9.26,9.56,9.06,9.39,189028492.0,1760454395.0
2025-03-07,9.38,9.61,8.9,9.02,130558330.0,1210839908.0
2025-03-10,9.05,9.15,8.54,8.81,78086754.0,685730054.0
2025-03-11,8.38,9.3,8.34,9.17,99894137.0,891074886.0
2025-03-12,9.51,9.65,8.95,9.12,94048544.0,877109662.0
2025-03-13,9.12,9.22,8.49,8.69,84730255.0,739577666.0
2025-03-14,8.69,9.02,8.5,8.8,69403757.0,610270120.0
2025-03-17,8.92,8.98,8.61,8.75,44072151.0,384652085.0
2025-03-18,9.09,9.7,9.06,9.7,159788556.0,1496351235.0
2025-03-19,9.39,9.6,9.15,9.45,86189365.0,809633339.0
2025-03-20,9.7,9.9,9.27,9.38,136078688.0,1303462237.0
2025-03-21,8.81,9.17,8.38,8.43,179290812.0,1559208617.0
2025-03-24,8.21,8.79,8.15,8.73,92779800.0,792775092.0
2025-03-25,8.35,8.55,8.16,8.21,83437300.0,695000551.0
2025-03-26,8.25,8.41,8.17,8.2,44288458.0,364945369.0
2025-03-27,8.2,8.21,7.69,7.98,91187200.0,726648784.0
2025-03-28,8.0,8.06,7.51,7.65,96467330.0,742619915.0
2025-03-31,7.32,7.5,7.1,7.35,115850727.0,845119823.0
2025-04-01,7.52,7.63,7.15,7.18,76223500.0,557705464.0
2025-04-02,7.04,7.83,7.04,7.51,117766208.0,889823030.0
2025-04-03,7.38,7.74,7.26,7.4,77452321.0,579245239.0
2025-04-07,6.5,6.89,5.54,5.63,194251877.0,1181217462.0
2025-04-08,6.15,6.52,5.96,6.31,189048352.0,1179453624.0
2025-04-09,6.02,6.65,5.89,6.57,158244800.0,1012921271.0
2025-04-10,7.07,7.33,6.9,6.97,118981894.0,845602553.0
2025-04-11,6.89,7.33,6.83,7.19,113295629.0,805964934.0
2025-04-14,7.49,7.7,7.19,7.29,89850264.0,666349367.0
2025-04-15,7.3,7.34,6.94,7.03,71077156.0,500421838.0
2025-04-16,6.91,6.91,6.39,6.39,116283201.0,762588993.0
2025-04-17,5.92,6.14,5.82,6.05,170870901.0,1025156444.0
2025-04-22,6.01,6.18,5.75,6.04,146320629.0,871558000.0
2025-04-23,6.35,6.57,6.25,6.55,164789800.0,1055831817.0
2025-04-24,6.75,6.75,6.32,6.52,115967229.0,755061054.0
2025-04-25,6.54,6.56,6.25,6.3,87175430.0,556696432.0
2025-04-28,6.29,6.37,6.22,6.31,44384000.0,280057765.0
2025-04-29,6.33,6.58,6.31,6.48,55855695.0,361048405.0
2025-04-30,6.51,7.67,6.45,7.4,334316477.0,2415058727.0
2025-05-02,7.54,7.84,7.28,7.72,84328402.0,641117442.0
2025-05-06,8.11,8.18,7.62,7.7,183957509.0,1450146556.0
2025-05-07,7.96,8.05,7.35,7.45,127013978.0,957937084.0
2025-05-08,7.3,7.65,7.17,7.45,79195308.0,590895861.0
2025-05-09,7.48,7.51,7.13,7.2,66266535.0,479811870.0
2025-05-12,7.38,7.75,7.02,7.61,129856472.0,956447358.0
2025-05-13,7.64,7.67,7.11,7.16,103621028.0,755735772.0
2025-05-14,7.2,7.26,7.04,7.17,79266652.0,567368902.0
2025-05-15,7.15,7.26,6.9,6.94,83095530.0,585109451.0
2025-05-16,6.89,7.15,6.82,7.07,54952498.0,385684458.0
2025-05-19,7.05,7.24,6.96,7.23,51677869.0,369305720.0
2025-05-20,7.27,7.39,7.21,7.31,53195033.0,388648066.0
2025-05-21,7.25,7.34,7.12,7.16,45234000.0,325031182.0
2025-05-22,7.18,7.34,7.0,7.11,55897508.0,400212628.0
2025-05-23,7.11,7.18,6.91,6.99,49878200.0,350925606.0
2025-05-26,6.96,6.97,6.65,6.71,63333051.0,428364341.0
2025-05-27,6.71,6.93,6.69,6.83,35853200.0,243997905.0
2025-05-28,6.91,6.94,6.62,6.72,40579909.0,272224553.0
2025-05-29,6.27,6.45,6.1,6.41,151939350.0,954962338.0
2025-05-30,6.35,6.35,6.12,6.16,75655043.0,466841114.0
2025-06-02,6.0,6.05,5.87,6.0,25270412.0,150150447.0
2025-06-03,6.05,6.13,5.94,5.98,61125992.0,367663264.0
2025-06-04,5.97,6.09,5.92,5.98,61406232.0,368279922.0
2025-06-05,6.11,6.62,6.11,6.57,197578410.0,1258630380.0
2025-06-06,6.63,6.66,6.31,6.39,115453500.0,747784730.0
2025-06-09,6.47,6.95,6.32,6.9,162575322.0,1089160619.0
2025-06-10,7.1,7.27,6.67,6.93,135504926.0,933763397.0
2025-06-11,6.94,7.09,6.83,6.92,71076800.0,493599972.0
2025-06-12,6.82,7.18,6.71,7.03,128007106.0,886108287.0
2025-06-13,6.96,6.97,6.56,6.81,101631878.0,687286339.0
2025-06-16,6.7,6.95,6.64,6.78,126147268.0,856868153.0
2025-06-17,6.84,7.01,6.58,6.59,84830114.0,572136404.0
2025-06-18,6.55,6.59,6.3,6.51,69324864.0,445064793.0
2025-06-19,6.48,6.62,6.12,6.2,84427556.0,528253981.0
2025-06-20,6.26,6.41,6.22,6.31,67822940.0,427194625.0
2025-06-23,6.2,6.43,6.13,6.33,47404211.0,299048596.0
2025-06-24,6.45,6.72,6.36,6.66,81521600.0,536435186.0
2025-06-25,6.8,6.83,6.6,6.71,68529192.0,461567398.0
2025-06-26,6.64,6.79,6.51,6.71,56329576.0,374388731.0
2025-06-27,7.0,7.11,6.77,6.79,130841901.0,906708487.0
2025-06-30,6.73,6.87,6.61,6.64,60319400.0,402667449.0
2025-07-02,6.64,6.65,6.27,6.31,88525674.0,564022822.0
2025-07-03,6.32,6.37,6.14,6.24,82546791.0,513591785.0
2025-07-04,6.27,6.5,6.24,6.41,87835200.0,557902592.0
2025-07-07,6.37,6.45,6.31,6.39,41177001.0,261678412.0
2025-07-08,6.5,6.72,6.4,6.52,89615853.0,587279152.0
2025-07-09,6.46,6.47,6.26,6.29,60676072.0,383753556.0
2025-07-10,6.25,6.29,6.18,6.24,46304422.0,287941778.0
2025-07-11,6.22,6.42,6.18,6.25,70557884.0,444203546.0
2025-07-14,6.25,7.02,6.25,6.78,203061726.0,1350895365.0
2025-07-15,6.78,7.96,6.64,7.92,532690154.0,3977798114.0
2025-07-16,8.01,8.2,7.56,7.6,290029392.0,2278959713.0
2025-07-17,7.54,7.79,7.24,7.78,184748167.0,1400741476.0
2025-07-18,7.95,8.83,7.72,8.46,399807385.0,3338382395.0
2025-07-21,8.53,8.75,8.05,8.38,187961423.0,1563093436.0
2025-07-22,8.38,8.48,7.95,8.05,128055316.0,1048179883.0
2025-07-23,8.13,8.48,7.82,8.23,136904200.0,1126554352.0
2025-07-24,8.4,8.46,8.11,8.27,86826958.0,716370070.0
2025-07-25,8.33,8.43,8.1,8.38,86292960.0,711661947.0
2025-07-28,8.43,8.68,8.0,8.0,104904086.0,852176843.0
2025-07-29,8.0,8.0,7.49,7.58,162802615.0,1238696363.0
2025-07-30,7.42,7.57,7.26,7.4,86527300.0,643175144.0
2025-07-31,7.43,8.2,7.43,7.81,236535010.0,1866978931.0
2025-08-01,7.81,7.95,7.45,7.58,100640503.0,771190319.0
2025-08-04,7.39,7.57,7.22,7.48,63306416.0,470416489.0
2025-08-05,7.47,7.71,7.4,7.53,76378915.0,576238324.0
2025-08-06,7.53,7.56,7.32,7.53,69099554.0,513761055.0
2025-08-07,7.53,7.78,7.42,7.65,74157400.0,562441259.0
2025-08-08,7.52,7.61,7.2,7.21,104394860.0,765375688.0
2025-08-11,7.25,7.35,7.09,7.3,56241366.0,406399037.0
2025-08-12,7.28,7.29,7.06,7.18,69212080.0,493998402.0
2025-08-13,7.22,7.43,7.2,7.37,92783000.0,680774379.0
2025-08-14,7.42,7.55,7.21,7.28,79041660.0,581740559.0
2025-08-15,7.2,7.36,7.1,7.34,60221800.0,435825337.0
2025-08-18,7.29,7.85,7.23,7.79,145316446.0,1108862321.0
2025-08-19,7.79,7.79,7.5,7.58,72272372.0,550723611.0
2025-08-20,7.44,7.44,7.21,7.34,76853719.0,561257410.0
2025-08-21,7.42,7.69,7.25,7.4,68245122.0,507986602.0
2025-08-22,7.4,7.59,7.33,7.51,85737400.0,642636044.0
2025-08-25,7.88,8.0,7.7,7.82,161611267.0,1268918013.0
2025-08-26,7.68,7.89,7.58,7.65,69256905.0,533102481.0
2025-08-27,7.74,8.15,7.72,7.73,179013784.0,1416867311.0
2025-08-28,7.69,8.16,7.45,8.09,139843884.0,1095754291.0
2025-08-29,8.15,8.16,7.81,7.85,81835556.0,649481643.0
2025-09-01,8.01,8.2,7.62,7.74,97336000.0,762482904.0
2025-09-02,7.77,7.8,7.39,7.48,73356583.0,552335268.0
2025-09-03,7.5,7.52,7.28,7.3,49805200.0,366393619.0
2025-09-04,7.35,7.38,7.04,7.1,60578400.0,433282004.0
2025-09-05,7.11,7.44,7.05,7.44,51414999.0,372438802.0
2025-09-08,7.44,7.6,7.31,7.51,56585673.0,422364885.0
2025-09-09,7.56,7.72,7.4,7.51,60123321.0,454040482.0
2025-09-10,8.23,8.5,8.06,8.17,330619581.0,2739847744.0
2025-09-11,8.3,8.68,8.22,8.6,225889024.0,1919570168.0
2025-09-12,8.77,9.05,8.56,8.63,148076226.0,1299721852.0
2025-09-15,8.58,8.74,8.3,8.66,95354608.0,807673317.0
2025-09-16,8.66,8.66,8.18,8.2,84318554.0,701915391.0
2025-09-17,8.3,9.18,8.23,9.0,198019557.0,1742517410.0
2025-09-18,8.98,9.05,8.56,8.81,99230280.0,874850417.0
2025-09-19,8.81,8.94,8.59,8.7,51939797.0,453941944.0
2025-09-22,8.78,8.9,8.59,8.75,51098544.0,445267473.0
2025-09-23,8.87,9.12,8.56,9.09,123344750.0,1095047116.0
2025-09-24,8.6,8.97,8.06,8.91,290914211.0,2462600022.0
2025-09-25,8.79,9.45,8.76,9.15,198673739.0,1822400440.0
2025-09-26,9.22,9.32,8.35,8.38,165537250.0,1437235851.0
2025-09-29,8.34,8.38,7.86,8.07,158169448.0,1281059113.0
2025-09-30,8.14,8.28,8.02,8.21,90987898.0,739648857.0
2025-10-02,8.2,8.27,8.0,8.21,63738374.0,517869651.0
2025-10-03,8.33,8.43,8.03,8.13,28879881.0,235722952.0
2025-10-06,8.13,8.13,7.91,8.01,18940180.0,151387076.0
2025-10-08,7.95,7.95,7.61,7.71,39663800.0,305657713.0
2025-10-09,7.7,7.81,7.51,7.54,117380149.0,895523005.0
2025-10-10,7.48,7.49,7.14,7.17,107239547.0,779331082.0
2025-10-13,6.8,7.61,6.8,7.12,185085431.0,1329331366.0
2025-10-14,7.23,7.27,6.73,6.75,121918080.0,848401569.0
2025-10-15,6.81,7.0,6.73,6.95,66519789.0,459574691.0
2025-10-16,7.0,7.0,6.75,6.79,62169545.0,426425214.0
2025-10-17,6.79,6.79,6.28,6.35,107874711.0,697372973.0
2025-10-20,6.48,6.56,6.4,6.54,45393403.0,294450596.0
2025-10-21,6.69,6.77,6.61,6.63,51952537.0,348255338.0
2025-10-22,6.53,6.61,6.49,6.51,25750948.0,168430442.0
2025-10-23,6.4,6.54,6.28,6.5,45098986.0,289227104.0
2025-10-24,6.61,6.64,6.5,6.61,42307719.0,278091465.0
2025-10-27,6.74,6.88,6.61,6.85,68732044.0,464278270.0
2025-10-28,6.94,7.03,6.72,6.78,63905242.0,438525011.0
2025-10-30,6.84,6.91,6.66,6.75,52627104.0,356577613.0
2025-10-31,6.6,6.69,6.5,6.51,52252856.0,342951288.0
2025-11-03,6.55,6.7,6.53,6.64,30477894.0,202473369.0
2025-11-04,6.65,6.65,6.3,6.37,43679570.0,280460244.0
2025-11-05,6.1,6.31,6.06,6.29,59377543.0,366259041.0
2025-11-06,6.34,6.35,6.16,6.3,35107708.0,219773451.0
2025-11-07,6.2,6.2,6.03,6.07,51147091.0,310960277.0
2025-11-10,6.1,6.2,6.07,6.17,23077000.0,141663366.0
2025-11-11,6.22,6.32,6.15,6.21,31250000.0,194533100.0
2025-11-12,6.15,6.21,6.08,6.12,26310052.0,161582284.0
2025-11-13,6.11,6.22,6.05,6.12,45698000.0,279145448.0
2025-11-14,5.95,5.99,5.84,5.89,68240750.0,402245272.0
2025-11-17,5.93,5.97,5.77,5.86,36287000.0,212724846.0
2025-11-18,6.2,6.29,6.05,6.1,81329956.0,499799010.0
2025-11-19,6.28,6.37,5.94,5.95,61997082.0,380281264.0
2025-11-20,6.2,6.32,6.08,6.24,96704788.0,599475535.0
2025-11-21,6.12,6.28,5.99,6.05,73680125.0,450701749.0
2025-11-24,6.14,6.37,6.06,6.35,83641605.0,523039699.0
2025-11-25,6.4,6.62,6.35,6.43,80108987.0,520038017.0
2025-11-26,6.6,6.6,6.45,6.52,58402000.0,382002090.0
2025-11-27,6.36,6.47,6.33,6.4,35218000.0,224991106.0
2025-11-28,6.4,6.49,6.3,6.39,25074001.0,159884056.0
2025-12-01,6.32,6.33,6.07,6.11,74332118.0,456118396.0
2025-12-02,6.07,6.08,5.93,6.02,38231167.0,228781572.0
2025-12-03,5.98,6.03,5.83,5.86,32073110.0,189529990.0
2025-12-04,5.91,6.16,5.87,6.11,43586048.0,263948479.0
2025-12-05,6.13,6.23,6.08,6.23,29954433.0,185103887.0
2025-12-08,6.23,6.28,6.15,6.19,24279495.0,150238484.0
2025-12-09,6.25,6.53,6.24,6.28,62784269.0,400737600.0
2025-12-10,6.21,6.23,6.02,6.17,39676922.0,242261626.0
2025-12-11,6.17,6.18,5.91,5.91,47818000.0,286336360.0
2025-12-12,5.91,6.12,5.84,6.12,91797000.0,552498025.0
2025-12-15,5.98,6.01,5.95,6.0,19901122.0,118915060.0
2025-12-16,5.75,5.85,5.72,5.8,33804700.0,195485321.0
2025-12-17,5.85,5.97,5.81,5.9,27664000.0,162984588.0
2025-12-18,5.76,5.78,5.59,5.66,64953100.0,367333969.0
2025-12-19,5.68,5.82,5.68,5.8,33150355.0,191310293.0
2025-12-22,5.8,5.9,5.79,5.89,21931893.0,128244717.0
2025-12-23,5.85,5.86,5.76,5.78,17087480.0,99029806.0
2025-12-24,5.69,5.74,5.67,5.68,14231500.0,81104939.0
2025-12-29,5.68,5.75,5.61,5.62,33872854.0,192109310.0
2025-12-30,5.6,5.62,5.52,5.58,29228700.0,162823633.0
2025-12-31,5.54,5.54,5.45,5.51,21598593.0,118809776.0
2026-01-02,5.51,5.74,5.44,5.68,10612000.0,59772320.0
2026-01-05,5.67,5.74,5.6,5.7,49205403.0,279378887.0
2026-01-06,5.74,5.81,5.68,5.78,44300132.0,254696681.0
2026-01-07,5.73,5.73,5.54,5.65,43580540.0,244481833.0
2026-01-08,5.58,5.58,5.45,5.56,47353320.0,260583622.0
2026-01-09,5.67,5.85,5.64,5.79,74656160.0,429501127.0
2026-01-12,5.85,6.68,5.85,6.66,245264000.0,1566235190.0
2026-01-13,7.05,7.15,6.63,6.75,177063488.0,1214807771.0
2026-01-14,6.7,6.99,6.61,6.78,107997830.0,737467995.0
2026-01-15,6.82,6.82,6.46,6.53,72380920.0,475384771.0
2026-01-16,6.45,6.58,6.35,6.42,50571992.0,325304151.0
2026-01-19,6.26,6.36,6.15,6.16,37102000.0,230680400.0
2026-01-20,6.15,6.23,6.01,6.07,27898342.0,170211901.0
2026-01-21,5.98,6.14,5.94,6.11,36851080.0,221999664.0
2026-01-22,6.25,6.26,6.06,6.15,34132000.0,210132190.0
2026-01-23,6.23,6.57,6.18,6.46,78357866.0,502270832.0
2026-01-26,6.83,7.05,6.69,6.88,188555420.0,1297754741.0
2026-01-27,7.03,7.68,7.03,7.55,258363444.0,1898998429.0
2026-01-28,7.85,8.13,7.63,7.81,234674496.0,1845631263.0
2026-01-29,7.68,7.92,7.36,7.68,108041988.0,833091989.0
2026-01-30,7.51,7.57,7.1,7.15,97423200.0,707633741.0
2026-02-02,7.05,7.42,6.92,7.06,88147900.0,629992248.0
2026-02-03,7.23,7.36,6.72,7.0,93858438.0,659318965.0
2026-02-04,6.85,6.89,6.47,6.6,74375200.0,491717124.0
2026-02-05,6.35,6.58,6.26,6.57,48871324.0,314109386.0
2026-02-06,6.38,6.58,6.23,6.49,43784000.0,281937430.0
2026-02-09,6.79,7.22,6.71,7.04,92363500.0,642462970.0
2026-02-10,7.08,7.08,6.83,6.91,51690200.0,357475293.0
2026-02-11,7.0,7.67,6.97,7.42,123816170.0,912762194.0
2026-02-12,7.61,8.05,7.5,8.0,222138056.0,1740201418.0
2026-02-13,7.75,8.1,7.38,7.57,151211400.0,1163126219.0
2026-02-16,7.52,7.52,7.25,7.43,8125000.0,60242390.0
2026-02-20,7.24,7.26,6.92,7.2,44985556.0,319713360.0
2026-02-23,7.3,7.43,7.11,7.2,28668676.0,207077637.0
2026-02-24,6.81,6.89,6.56,6.83,142874995.0,958038460.0
2026-02-25,6.97,7.05,6.78,6.78,72259500.0,497470550.0
2026-02-26,6.78,6.81,6.58,6.63,75330458.0,502846678.0
2026-02-27,6.51,7.45,6.51,7.14,137483000.0,980162970.0
2026-03-02,6.86,7.05,6.71,6.73,84409029.0,577574224.0
2026-03-03,6.77,6.85,6.27,6.29,106212142.0,689740558.0
2026-03-04,6.14,6.34,5.97,6.1,101894664.0,623294632.0
2026-03-05,6.35,6.48,6.22,6.3,63568286.0,402543877.0
2026-03-06,6.25,6.85,6.13,6.44,108377081.0,705302899.0
2026-03-09,6.31,7.34,6.31,7.32,229058794.0,1588983504.0
2026-03-10,7.71,7.76,6.93,6.99,219527900.0,1573597280.0
2026-03-11,7.18,7.5,7.05,7.11,157684400.0,1147226291.0
2026-03-12,7.0,7.38,6.86,7.08,67433530.0,479154625.0
2026-03-13,7.11,7.26,6.95,7.02,90888950.0,646600477.0
2026-03-16,7.09,7.31,6.85,7.18,71462183.0,505589928.0
2026-03-17,7.23,7.29,6.7,6.77,77174050.0,537876905.0
2026-03-18,6.83,8.18,6.83,8.0,413368912.0,3204558378.0
2026-03-19,7.72,8.15,7.71,7.82,201750262.0,1600043267.0
2026-03-20,7.94,8.04,7.18,7.25,161544083.0,1206476691.0
2026-03-23,7.05,7.12,6.81,6.96,95250050.0,662252178.0
2026-03-24,7.1,7.42,6.85,7.31,107522600.0,762906119.0
2026-03-25,7.42,7.93,7.38,7.55,122996676.0,939198687.0
2026-03-26,7.8,8.02,7.46,7.57,123730598.0,954923120.0
2026-03-27,7.51,7.76,7.41,7.56,60010436.0,454371533.0
2026-03-30,7.22,7.37,6.87,7.24,112297900.0,796077416.0
2026-03-31,7.22,7.34,6.84,6.9,81354180.0,568620654.0
2026-04-01,7.13,7.47,7.09,7.4,121752322.0,889122176.0
2026-04-02,7.32,7.32,7.02,7.12,62150474.0,441666041.0
2026-04-08,7.47,7.93,7.4,7.92,121601401.0,941871802.0
2026-04-09,7.69,8.18,7.63,7.9,89073168.0,708950510.0
2026-04-10,8.1,8.48,7.89,7.93,110806920.0,906717203.0
2026-04-13,7.85,8.4,7.8,8.35,92099960.0,757809626.0
2026-04-14,8.69,9.15,8.66,8.84,182727091.0,1628993309.0
2026-04-15,9.12,9.24,8.68,8.71,86101416.0,761919743.0
2026-04-16,8.9,9.35,8.76,9.27,116896231.0,1067644341.0
2026-04-17,9.15,9.43,9.1,9.28,75433215.0,697903596.0
2026-04-20,9.4,9.75,9.1,9.41,93103320.0,878488486.0
2026-04-21,9.44,9.6,9.2,9.42,35212702.0,329432917.0
2026-04-22,9.2,9.21,8.78,9.04,118564944.0,1064121651.0
2026-04-23,9.16,9.23,8.81,9.0,58228212.0,523873706.0
2026-04-24,9.05,9.19,8.34,8.59,110707271.0,951184269.0
2026-04-27,8.65,9.1,8.59,8.67,75137098.0,659883406.0
2026-04-28,8.72,8.72,8.11,8.14,60883600.0,505264968.0
2026-04-29,8.2,8.25,7.87,7.92,48843744.0,390619159.0
2026-04-30,7.93,7.96,7.44,7.63,81910303.0,622653080.0
2026-05-04,7.8,8.04,7.73,7.82,29051319.0,229199034.0
2026-05-05,7.89,7.9,7.76,7.83,10907822.0,85560815.0
2026-05-06,8.0,8.4,7.87,8.06,102980848.0,843812474.0
2026-05-07,8.5,8.58,8.28,8.31,73691172.0,619746838.0
2026-05-08,8.15,8.39,8.07,8.27,59132494.0,488095118.0
2026-05-11,8.33,8.76,8.15,8.43,84673187.0,721463853.0
2026-05-12,8.41,8.47,7.96,7.97,54469702.0,442956194.0
2026-05-13,7.95,8.28,7.78,8.11,63590976.0,512799597.0
2026-05-14,9.08,9.08,8.46,8.48,130776521.0,1141729485.0
2026-05-15,8.6,8.63,7.96,8.11,72987724.0,598544672.0
2026-05-18,8.0,8.08,7.65,7.84,71451180.0,558273055.0
2026-05-19,7.72,8.06,7.69,7.69,48689000.0,381291942.0
2026-05-20,7.6,7.6,7.26,7.31,53894890.0,397215329.0
2026-05-21,7.41,7.44,6.89,6.9,71904643.0,510662987.0
2026-05-22,7.03,7.31,6.97,7.27,69295049.0,497299181.0
