date,open,high,low,close,volume
2026-04-17 09:45:00,310.01,313.23,303.71,304.56,371974
2026-04-17 10:00:00,305.19,306.45,303.0,305.01,297967
2026-04-17 10:15:00,305.01,305.99,290.08,292.19,532574
2026-04-17 10:30:00,293.04,299.98,292.95,295.79,263053
2026-04-17 10:45:00,295.76,298.41,295.0,296.9,122188
2026-04-17 11:00:00,296.86,302.5,295.63,299.41,149914
2026-04-17 11:15:00,299.0,300.19,298.01,298.01,77724
2026-04-17 11:30:00,297.96,298.81,295.8,297.43,110537
2026-04-17 13:15:00,297.35,298.32,295.81,297.2,228113
2026-04-17 13:30:00,297.2,297.8,296.18,297.31,72391
2026-04-17 13:45:00,297.27,297.56,295.71,297.03,204264
2026-04-17 14:00:00,297.03,298.81,295.01,295.95,172830
2026-04-17 14:15:00,295.95,297.89,295.81,296.0,181805
2026-04-17 14:30:00,296.0,299.45,295.8,298.94,113231
2026-04-17 14:45:00,298.94,299.81,298.27,298.98,84711
2026-04-17 15:00:00,299.0,299.36,298.0,298.39,117685
2026-04-20 09:45:00,298.0,303.49,295.55,299.43,365073
2026-04-20 10:00:00,298.8,301.5,297.6,299.54,196195
2026-04-20 10:15:00,299.54,299.73,297.0,297.08,135316
2026-04-20 10:30:00,297.09,299.8,297.09,298.37,62275
2026-04-20 10:45:00,297.61,298.39,296.03,296.11,61575
2026-04-20 11:00:00,296.11,297.87,295.28,295.4,76558
2026-04-20 11:15:00,295.39,297.18,295.39,296.92,26285
2026-04-20 11:30:00,296.77,305.0,296.05,301.34,241182
2026-04-20 13:15:00,301.26,303.43,300.19,301.99,82586
2026-04-20 13:30:00,301.67,302.6,299.84,299.84,40884
2026-04-20 13:45:00,299.73,299.73,298.11,298.11,22089
2026-04-20 14:00:00,298.11,298.85,297.89,297.98,33817
2026-04-20 14:15:00,297.98,298.49,297.32,297.66,18382
2026-04-20 14:30:00,297.96,298.84,297.96,298.73,36732
2026-04-20 14:45:00,298.71,299.79,298.57,299.5,47757
2026-04-20 15:00:00,299.5,300.98,298.39,300.01,99846
2026-04-21 09:45:00,298.96,313.0,297.95,306.08,449495
2026-04-21 10:00:00,306.94,309.3,303.0,304.58,175098
2026-04-21 10:15:00,304.44,304.77,299.01,299.65,100607
2026-04-21 10:30:00,299.61,303.31,298.28,302.78,84993
2026-04-21 10:45:00,302.35,302.44,300.44,301.37,44336
2026-04-21 11:00:00,300.99,302.78,300.01,300.98,36475
2026-04-21 11:15:00,300.34,301.1,299.1,299.35,35630
2026-04-21 11:30:00,299.35,300.64,299.33,300.14,26147
2026-04-21 13:15:00,300.0,301.83,300.0,301.44,38470
2026-04-21 13:30:00,300.96,301.25,299.5,299.9,26353
2026-04-21 13:45:00,299.9,302.94,299.61,302.94,58439
2026-04-21 14:00:00,301.97,302.55,301.03,301.11,26569
2026-04-21 14:15:00,301.89,301.89,299.99,300.27,34460
2026-04-21 14:30:00,300.04,301.77,300.03,300.76,47671
2026-04-21 14:45:00,301.18,302.2,298.48,299.0,152647
2026-04-21 15:00:00,299.06,299.28,295.01,296.0,215409
2026-04-22 09:45:00,295.0,298.0,294.0,295.18,149913
2026-04-22 10:00:00,294.9,295.5,288.4,288.6,352999
2026-04-22 10:15:00,288.6,289.32,284.09,285.52,307880
2026-04-22 10:30:00,285.52,287.0,285.0,286.71,158414
2026-04-22 10:45:00,286.0,292.6,285.11,292.4,196751
2026-04-22 11:00:00,292.06,294.86,290.66,291.43,109638
2026-04-22 11:15:00,291.41,292.51,290.04,290.34,47677
2026-04-22 11:30:00,290.98,293.75,290.12,290.84,79537
2026-04-22 13:15:00,291.46,293.92,291.0,292.43,55651
2026-04-22 13:30:00,293.14,294.21,292.69,293.84,40321
2026-04-22 13:45:00,293.46,293.46,290.46,291.0,144350
2026-04-22 14:00:00,291.0,292.28,289.09,292.28,76874
2026-04-22 14:15:00,291.79,292.49,291.39,292.0,38379
2026-04-22 14:30:00,292.0,293.79,291.74,293.68,38570
2026-04-22 14:45:00,293.79,294.77,293.03,294.65,77864
2026-04-22 15:00:00,294.65,295.81,293.01,295.42,134010
2026-04-23 09:45:00,294.08,294.99,288.04,290.75,352902
2026-04-23 10:00:00,291.0,294.57,290.73,291.3,141627
2026-04-23 10:15:00,291.3,291.3,285.03,285.63,257318
2026-04-23 10:30:00,285.55,286.43,284.8,285.45,175642
2026-04-23 10:45:00,285.34,285.78,283.68,284.8,121140
2026-04-23 11:00:00,284.79,289.0,284.0,288.48,157068
2026-04-23 11:15:00,287.75,288.9,286.8,287.93,96356
2026-04-23 11:30:00,287.34,287.99,285.11,285.14,61364
2026-04-23 13:15:00,285.14,285.86,284.43,285.06,49019
2026-04-23 13:30:00,285.06,286.86,284.5,285.68,68215
2026-04-23 13:45:00,286.22,287.04,285.61,285.64,53422
2026-04-23 14:00:00,285.81,289.88,285.81,289.29,90631
2026-04-23 14:15:00,288.8,289.29,286.37,287.41,64677
2026-04-23 14:30:00,287.34,288.67,287.34,288.48,58966
2026-04-23 14:45:00,288.48,289.5,288.35,289.0,82718
2026-04-23 15:00:00,289.0,289.5,287.02,287.52,133864
2026-04-24 09:45:00,287.52,291.63,285.05,286.31,396334
2026-04-24 10:00:00,286.46,287.5,282.4,283.04,171029
2026-04-24 10:15:00,283.14,285.97,282.44,285.77,69725
2026-04-24 10:30:00,285.1,288.0,285.09,286.89,81506
2026-04-24 10:45:00,286.9,289.86,286.9,288.24,164168
2026-04-24 11:00:00,288.24,289.09,286.0,286.26,38816
2026-04-24 11:15:00,287.32,288.22,285.5,285.94,39476
2026-04-24 11:30:00,285.98,290.6,285.0,289.99,207291
2026-04-24 13:15:00,289.99,292.22,287.53,287.95,129040
2026-04-24 13:30:00,287.95,287.96,286.11,286.2,29519
2026-04-24 13:45:00,286.21,286.82,285.59,285.59,42409
2026-04-24 14:00:00,285.57,285.57,284.26,284.82,36560
2026-04-24 14:15:00,284.47,286.3,284.47,284.81,29688
2026-04-24 14:30:00,284.97,286.45,284.47,284.49,40244
2026-04-24 14:45:00,284.49,286.45,284.49,286.04,44208
2026-04-24 15:00:00,286.03,286.11,284.02,284.04,92389
2026-04-27 09:45:00,283.6,283.6,278.16,281.68,253700
2026-04-27 10:00:00,281.68,284.79,279.2,279.64,98710
2026-04-27 10:15:00,279.74,281.97,279.08,281.97,85473
2026-04-27 10:30:00,281.97,282.23,280.35,280.65,40369
2026-04-27 10:45:00,280.5,280.86,278.85,280.02,89470
2026-04-27 11:00:00,280.02,280.33,279.4,279.96,45238
2026-04-27 11:15:00,279.95,280.37,279.0,279.25,44931
2026-04-27 11:30:00,279.47,279.64,278.22,278.48,45480
2026-04-27 13:15:00,278.24,279.61,278.0,279.52,86292
2026-04-27 13:30:00,279.34,282.44,278.95,281.97,119370
2026-04-27 13:45:00,281.95,284.78,280.01,282.65,112567
2026-04-27 14:00:00,282.64,284.0,281.49,281.95,79062
2026-04-27 14:15:00,281.97,283.46,280.44,282.54,95109
2026-04-27 14:30:00,282.48,282.89,281.81,282.54,57556
2026-04-27 14:45:00,282.24,284.21,282.0,283.91,143062
2026-04-27 15:00:00,284.06,285.57,283.92,284.52,140484
2026-04-28 09:45:00,284.0,287.37,281.8,284.19,294295
2026-04-28 10:00:00,284.2,284.2,280.1,280.12,154605
2026-04-28 10:15:00,280.76,281.08,276.6,277.79,148829
2026-04-28 10:30:00,277.35,277.78,274.36,275.53,142661
2026-04-28 10:45:00,275.5,278.61,275.31,278.07,78380
2026-04-28 11:00:00,277.41,278.2,275.14,276.21,107360
2026-04-28 11:15:00,276.21,279.17,275.3,278.0,85816
2026-04-28 11:30:00,278.01,281.21,277.99,279.85,47228
2026-04-28 13:15:00,279.85,280.58,278.36,278.36,47863
2026-04-28 13:30:00,278.33,278.51,275.3,275.42,44544
2026-04-28 13:45:00,275.44,277.72,275.44,276.68,53113
2026-04-28 14:00:00,277.08,277.69,275.52,275.52,38591
2026-04-28 14:15:00,275.52,275.92,274.88,275.05,67629
2026-04-28 14:30:00,275.05,275.11,273.0,273.0,88830
2026-04-28 14:45:00,273.08,273.53,271.8,272.01,107463
2026-04-28 15:00:00,272.14,273.5,271.1,273.0,164634
2026-04-29 09:45:00,274.2,275.0,266.78,269.49,149657
2026-04-29 10:00:00,269.86,270.35,267.01,267.36,104459
2026-04-29 10:15:00,267.51,268.0,265.2,265.7,120440
2026-04-29 10:30:00,265.98,266.43,264.0,265.2,167616
2026-04-29 10:45:00,265.28,267.2,265.0,265.76,86864
2026-04-29 11:00:00,264.89,268.88,264.68,268.88,103617
2026-04-29 11:15:00,268.36,271.52,267.71,270.2,111418
2026-04-29 11:30:00,270.2,270.69,269.41,270.14,46856
2026-04-29 13:15:00,270.14,270.34,268.31,269.98,52037
2026-04-29 13:30:00,269.99,270.0,268.82,269.7,39987
2026-04-29 13:45:00,269.7,270.65,268.0,270.64,66060
2026-04-29 14:00:00,270.68,272.96,269.7,272.94,106555
2026-04-29 14:15:00,272.92,273.39,272.0,272.75,84944
2026-04-29 14:30:00,273.02,273.5,272.01,272.8,86802
2026-04-29 14:45:00,272.8,272.82,270.0,271.62,118385
2026-04-29 15:00:00,271.62,272.09,270.49,271.0,107876
2026-04-30 09:45:00,268.98,276.89,268.01,271.7,264329
2026-04-30 10:00:00,271.71,273.72,270.16,273.0,92605
2026-04-30 10:15:00,273.0,274.22,270.5,272.22,89193
2026-04-30 10:30:00,272.22,278.2,272.22,278.16,211180
2026-04-30 10:45:00,278.08,279.5,275.3,278.6,176785
2026-04-30 11:00:00,278.26,278.6,275.71,276.59,188979
2026-04-30 11:15:00,276.59,276.59,273.86,274.2,55773
2026-04-30 11:30:00,274.34,274.46,273.02,273.45,46506
2026-04-30 13:15:00,273.5,273.51,271.23,271.41,58733
2026-04-30 13:30:00,271.29,271.48,268.91,268.91,80193
2026-04-30 13:45:00,269.17,269.99,268.0,268.26,109960
2026-04-30 14:00:00,268.26,271.0,267.47,270.53,103933
2026-04-30 14:15:00,270.5,271.0,269.55,271.0,68980
2026-04-30 14:30:00,271.0,276.66,270.51,276.64,223116
2026-04-30 14:45:00,276.64,277.0,272.87,274.16,114792
2026-04-30 15:00:00,274.1,274.5,272.0,272.74,109131
2026-05-06 09:45:00,269.09,275.06,268.23,274.03,288998
2026-05-06 10:00:00,274.67,275.83,272.6,274.38,198234
2026-05-06 10:15:00,274.84,275.69,272.0,272.3,128413
2026-05-06 10:30:00,272.59,272.88,271.6,272.02,109415
2026-05-06 10:45:00,272.02,272.49,270.5,271.26,71032
2026-05-06 11:00:00,270.98,272.26,270.92,271.87,60998
2026-05-06 11:15:00,271.87,271.87,269.11,270.94,90302
2026-05-06 11:30:00,270.95,271.37,270.0,270.83,37485
2026-05-06 13:15:00,270.5,272.33,270.0,271.56,60882
2026-05-06 13:30:00,271.44,271.9,270.4,270.64,55985
2026-05-06 13:45:00,270.8,271.99,270.55,270.95,53998
2026-05-06 14:00:00,270.99,271.09,269.58,269.78,98989
2026-05-06 14:15:00,269.76,269.76,267.08,268.86,189501
2026-05-06 14:30:00,269.01,270.99,269.0,270.59,123406
2026-05-06 14:45:00,270.24,271.08,270.19,271.0,95006
2026-05-06 15:00:00,270.99,271.29,270.11,271.04,113262
2026-05-07 09:45:00,271.66,275.38,271.09,273.07,289113
2026-05-07 10:00:00,273.06,273.5,270.0,270.31,148738
2026-05-07 10:15:00,270.31,271.11,268.6,269.17,105482
2026-05-07 10:30:00,269.91,269.91,267.2,267.2,125765
2026-05-07 10:45:00,267.21,268.21,266.2,268.21,142550
2026-05-07 11:00:00,268.07,269.74,267.45,267.91,61117
2026-05-07 11:15:00,267.91,269.66,267.6,269.3,28522
2026-05-07 11:30:00,269.3,270.59,269.02,269.02,52789
2026-05-07 13:15:00,268.8,277.22,268.0,277.0,303124
2026-05-07 13:30:00,276.88,277.2,273.68,274.2,163525
2026-05-07 13:45:00,274.19,274.79,272.13,272.3,64674
2026-05-07 14:00:00,272.29,272.39,271.06,271.25,57892
2026-05-07 14:15:00,271.26,276.0,271.26,275.41,110819
2026-05-07 14:30:00,275.44,277.77,275.37,276.94,115179
2026-05-07 14:45:00,276.76,277.17,275.45,275.88,87530
2026-05-07 15:00:00,275.89,277.77,275.88,276.5,152156
2026-05-08 09:45:00,276.5,276.5,269.01,271.79,295094
2026-05-08 10:00:00,271.79,273.18,268.2,268.9,194589
2026-05-08 10:15:00,268.9,269.36,267.01,268.2,289201
2026-05-08 10:30:00,268.55,270.66,267.2,267.25,140105
2026-05-08 10:45:00,267.25,267.98,266.69,267.03,87720
2026-05-08 11:00:00,267.08,267.17,266.38,266.82,69735
2026-05-08 11:15:00,266.52,266.79,265.4,265.8,95109
2026-05-08 11:30:00,266.26,266.26,264.5,264.5,84976
2026-05-08 13:15:00,264.93,267.0,264.51,266.9,82983
2026-05-08 13:30:00,266.9,267.79,266.45,266.82,92335
2026-05-08 13:45:00,266.77,267.42,266.39,266.68,53654
2026-05-08 14:00:00,266.68,267.56,265.0,266.13,85640
2026-05-08 14:15:00,266.13,266.5,265.78,266.08,57841
2026-05-08 14:30:00,266.09,266.76,266.01,266.2,42784
2026-05-08 14:45:00,266.04,266.58,265.0,265.0,99820
2026-05-08 15:00:00,265.01,266.88,264.7,265.75,135293
2026-05-11 09:45:00,265.75,270.33,261.78,270.0,430793
2026-05-11 10:00:00,269.91,271.85,268.4,270.02,231514
2026-05-11 10:15:00,270.15,271.5,267.0,268.01,212828
2026-05-11 10:30:00,267.37,270.79,267.37,269.21,100669
2026-05-11 10:45:00,269.22,269.78,267.77,268.48,46339
2026-05-11 11:00:00,268.49,269.22,267.0,268.59,79016
2026-05-11 11:15:00,268.4,273.28,268.4,272.0,193489
2026-05-11 11:30:00,272.43,273.7,271.79,271.79,77457
2026-05-11 13:15:00,271.7,274.56,270.06,272.93,121910
2026-05-11 13:30:00,273.2,275.0,272.06,274.38,109170
2026-05-11 13:45:00,274.38,276.69,274.0,276.13,199282
2026-05-11 14:00:00,276.55,277.98,275.3,275.92,245974
2026-05-11 14:15:00,276.04,277.56,275.37,276.52,66992
2026-05-11 14:30:00,276.5,276.5,273.98,274.71,60182
2026-05-11 14:45:00,274.6,275.0,274.01,274.31,81863
2026-05-11 15:00:00,274.3,274.76,273.01,274.72,145413
2026-05-12 09:45:00,272.88,273.0,265.8,266.24,384894
2026-05-12 10:00:00,266.11,269.26,266.08,268.48,99387
2026-05-12 10:15:00,268.39,269.8,267.7,268.7,62233
2026-05-12 10:30:00,269.33,269.39,266.66,266.66,88802
2026-05-12 10:45:00,266.74,269.5,266.36,269.5,154185
2026-05-12 11:00:00,269.2,271.01,269.0,270.74,119197
2026-05-12 11:15:00,270.27,271.22,269.6,270.42,44294
2026-05-12 11:30:00,270.3,270.57,267.9,269.47,45112
2026-05-12 13:15:00,269.09,278.56,268.21,269.74,514010
2026-05-12 13:30:00,269.41,269.73,267.7,268.0,127162
2026-05-12 13:45:00,268.54,268.54,265.1,265.15,120307
2026-05-12 14:00:00,265.15,266.34,264.51,265.07,91986
2026-05-12 14:15:00,265.07,265.07,263.66,263.82,96975
2026-05-12 14:30:00,263.83,264.48,263.57,264.0,42751
2026-05-12 14:45:00,264.0,264.18,263.16,263.59,102309
2026-05-12 15:00:00,263.83,264.67,262.5,263.1,215760
2026-05-13 09:45:00,266.95,267.0,260.33,260.47,374496
2026-05-13 10:00:00,260.47,264.49,260.0,262.44,224174
2026-05-13 10:15:00,262.44,265.63,261.42,263.61,162036
2026-05-13 10:30:00,263.49,264.0,261.2,261.8,85901
2026-05-13 10:45:00,261.8,262.79,261.05,261.91,45321
2026-05-13 11:00:00,261.91,263.01,261.54,262.6,47455
2026-05-13 11:15:00,262.18,262.74,261.05,262.53,44111
2026-05-13 11:30:00,262.53,263.57,261.51,261.56,53315
2026-05-13 13:15:00,261.79,264.85,261.67,264.02,150089
2026-05-13 13:30:00,263.73,265.26,263.27,264.5,80240
2026-05-13 13:45:00,264.06,264.5,263.15,263.57,59152
2026-05-13 14:00:00,263.8,263.8,262.9,263.38,51911
2026-05-13 14:15:00,263.37,264.22,263.08,263.62,50859
2026-05-13 14:30:00,263.66,263.9,263.28,263.84,44181
2026-05-13 14:45:00,263.66,264.99,263.63,264.03,75298
2026-05-13 15:00:00,264.03,264.96,264.03,264.6,114002
2026-05-14 09:45:00,264.6,268.5,259.0,260.21,418233
2026-05-14 10:00:00,260.15,261.39,259.53,261.2,110909
2026-05-14 10:15:00,261.66,261.8,258.6,258.63,114475
2026-05-14 10:30:00,258.61,258.72,257.83,258.58,79838
2026-05-14 10:45:00,258.58,259.71,257.08,258.96,58764
2026-05-14 11:00:00,258.95,260.5,258.41,259.89,73648
2026-05-14 11:15:00,259.89,260.7,258.34,258.74,50596
2026-05-14 11:30:00,258.39,260.0,256.5,259.0,125238
2026-05-14 13:15:00,259.01,259.85,257.3,258.85,50404
2026-05-14 13:30:00,259.48,262.3,259.05,261.69,85214
2026-05-14 13:45:00,261.68,262.17,259.58,260.32,45265
2026-05-14 14:00:00,260.33,261.8,260.04,261.5,45400
2026-05-14 14:15:00,261.74,262.42,261.05,261.34,60408
2026-05-14 14:30:00,261.56,262.17,261.05,261.7,52140
2026-05-14 14:45:00,261.45,261.72,260.03,260.11,95890
2026-05-14 15:00:00,260.11,260.51,257.34,258.75,126228
2026-05-15 09:45:00,258.52,260.14,255.11,260.14,241191
2026-05-15 10:00:00,260.3,261.91,258.8,259.26,174898
2026-05-15 10:15:00,259.89,259.97,255.68,256.3,115554
2026-05-15 10:30:00,256.3,257.17,255.68,256.23,74556
2026-05-15 10:45:00,256.11,256.67,255.5,256.3,49759
2026-05-15 11:00:00,256.05,258.75,255.51,257.82,89683
2026-05-15 11:15:00,257.82,260.83,257.82,260.05,69730
2026-05-15 11:30:00,260.05,261.34,259.12,259.79,45629
2026-05-15 13:15:00,259.51,259.76,257.4,258.3,59284
2026-05-15 13:30:00,258.47,258.49,257.44,257.58,24871
2026-05-15 13:45:00,257.45,257.97,256.5,256.78,67882
2026-05-15 14:00:00,256.74,257.31,256.3,256.3,47449
2026-05-15 14:15:00,256.49,257.12,255.21,256.73,76824
2026-05-15 14:30:00,256.68,257.37,254.94,255.08,73906
2026-05-15 14:45:00,255.2,256.87,254.5,256.59,70385
2026-05-15 15:00:00,256.72,258.1,256.51,257.01,116411
2026-05-18 09:45:00,254.44,256.57,249.11,251.49,274743
2026-05-18 10:00:00,251.5,251.99,250.24,251.1,149326
2026-05-18 10:15:00,251.11,252.32,249.72,250.85,152283
2026-05-18 10:30:00,250.85,253.68,250.5,252.85,105071
2026-05-18 10:45:00,252.48,253.51,251.02,251.74,76078
2026-05-18 11:00:00,251.7,252.19,250.84,251.48,57072
2026-05-18 11:15:00,251.48,251.75,250.0,250.0,46367
2026-05-18 11:30:00,250.01,250.48,249.48,249.77,64289
2026-05-18 13:15:00,249.93,251.2,249.58,249.75,71951
2026-05-18 13:30:00,249.8,251.19,249.8,250.89,42205
2026-05-18 13:45:00,250.88,252.71,250.31,252.6,48377
2026-05-18 14:00:00,252.45,252.76,251.84,252.39,54834
2026-05-18 14:15:00,252.31,252.31,251.41,251.85,29936
2026-05-18 14:30:00,251.81,252.25,251.59,251.67,35288
2026-05-18 14:45:00,251.93,252.11,251.2,251.85,52708
2026-05-18 15:00:00,251.97,252.96,251.54,252.47,118415
